"","X.1","X","ID","name","Esttype","SA","type","est","ExtraTerr","EVIMean","LFD","TimeDif","AnimalId","Season","CalYear","PackID","PackSize","Sex","DiffDTScaled","Year"
"1",1,1,"1400032013Snow","1400032013Snow 95% est","est","SK","OUF anisotropic",1862.55955523742,0,1077.03104023734,0.00233865225554659,54,"140003","Snow",2014,"Boss",3,"F",0.267045454545455,2013
"2",2,2,"1400032014SnowFree","1400032014SnowFree 95% est","est","SK","OUF isotropic",527110.923249324,1,1329.71726628556,0,89,"140003","SnowFree",2014,"Boss",3,"F",0.465909090909091,2014
"3",3,3,"1400042013Snow","1400042013Snow 95% est","est","SK","OUF anisotropic",402.721554954575,0,1342.55431710521,0.00950422092057984,54,"140004","Snow",2014,"Brabant",6,"F",0.267045454545455,2013
"4",4,4,"1400042014Snow","1400042014Snow 95% est","est","SK","OUF anisotropic",984.218180466194,0,1605.9467498201,0.0134843116901841,180,"140004","Snow",2014,"Brabant",6,"F",0.982954545454545,2014
"5",5,5,"1400042014SnowFree","1400042014SnowFree 95% est","est","SK","OUF anisotropic",314.930375824029,0,1474.30138554455,0.011995608227082,183,"140004","SnowFree",2014,"Brabant",6,"F",1,2014
"6",6,6,"1400042015Snow","1400042015Snow 95% est","est","SK","OUF anisotropic",4335.94978147076,0,1094.39876955245,0.0273935320238289,42,"140004","Snow",2015,"Brabant",6,"F",0.198863636363636,2015
"7",7,7,"1400042015SnowFree","1400042015SnowFree 95% est","est","SK","OUF anisotropic",752.963499974575,0,1218.25791113952,0.0134126232816118,183,"140004","SnowFree",2015,"Brabant",6,"F",1,2015
"8",8,8,"1400052013Snow","1400052013Snow 95% est","est","SK","OUF anisotropic",3053.11157467191,0,881.436593229447,0.00747035522785409,57,"140005","Snow",2014,"Airport",2,"F",0.284090909090909,2013
"9",9,9,"1400052014Snow","1400052014Snow 95% est","est","SK","OUF anisotropic",534.394369917993,0,1273.81846520775,0.00783450850845331,180,"140005","Snow",2014,"Airport",2,"F",0.982954545454545,2014
"10",10,10,"1400052014SnowFree","1400052014SnowFree 95% est","est","SK","OUF anisotropic",2141.79313503683,0,1245.63331226296,0.00820716856852412,183,"140005","SnowFree",2014,"Airport",2,"F",1,2014
"11",11,11,"1400052015Snow","1400052015Snow 95% est","est","SK","OUF anisotropic",672.712914511084,0,1009.97452190753,0.00578081565750058,7,"140005","Snow",2015,"Airport",2,"F",0,2015
"12",12,12,"1400052015SnowFree","1400052015SnowFree 95% est","est","SK","OUF anisotropic",624.728014408099,0,973.808221163802,0.00672315798945223,183,"140005","SnowFree",2015,"Airport",2,"F",1,2015
"13",13,13,"1400062013Snow","1400062013Snow 95% est","est","SK","OUF anisotropic",405.838698983648,0,1083.81316335948,0.0139486357343299,57,"140006","Snow",2014,"Island Falls",5,"F",0.284090909090909,2013
"14",14,14,"1400062014Snow","1400062014Snow 95% est","est","SK","OUF isotropic",2375.01545881515,0,1363.9109235276,0.0130824081489021,24,"140006","Snow",2014,"Island Falls",5,"F",0.0965909090909091,2014
"15",15,15,"1400062014SnowFree","1400062014SnowFree 95% est","est","SK","OUF anisotropic",1061.46789485638,0,1270.28895195148,0.00980924449707703,183,"140006","SnowFree",2014,"Island Falls",5,"F",1,2014
"16",16,16,"1400072013Snow","1400072013Snow 95% est","est","SK","OUF anisotropic",1903.00642996041,0,923.622312101134,0.000611575917111452,57,"140007","Snow",2014,"Narrows",5,"F",0.284090909090909,2013
"17",17,17,"1400072014Snow","1400072014Snow 95% est","est","SK","OUF anisotropic",6280.0728874895,0,1204.53949383241,0.00567614108955102,180,"140007","Snow",2014,"Narrows",5,"F",0.982954545454545,2014
"18",18,18,"1400072014SnowFree","1400072014SnowFree 95% est","est","SK","OUF anisotropic",5558.39423502627,0,1396.6420438767,0.000669165856686947,183,"140007","SnowFree",2014,"Narrows",5,"F",1,2014
"19",19,19,"1400072015SnowFree","1400072015SnowFree 95% est","est","SK","OUF anisotropic",1721.52723131037,0,973.12617433702,0,14,"140007","SnowFree",2015,"Narrows",5,"F",0.0397727272727273,2015
"20",20,20,"1400082013Snow","1400082013Snow 95% est","est","SK","OUF anisotropic",2832.4597850979,0,943.821088911825,0.00970587128893867,53,"140008","Snow",2014,"Bridgers",2,"M",0.261363636363636,2013
"21",21,21,"1400082014Snow","1400082014Snow 95% est","est","SK","OUF anisotropic",2407.70011201483,0,1041.21020453535,0.00123668910400211,180,"140008","Snow",2014,"Bridgers",2,"M",0.982954545454545,2014
"22",22,22,"1400082014SnowFree","1400082014SnowFree 95% est","est","SK","OUF anisotropic",8052.1305271962,0,943.843738604041,0.00915838410649792,183,"140008","SnowFree",2014,"Bridgers",2,"M",1,2014
"23",23,23,"1400082015SnowFree","1400082015SnowFree 95% est","est","SK","OUF anisotropic",2184.42254175041,0,884.348906124241,0,94,"140008","SnowFree",2015,"Bridgers",2,"M",0.494318181818182,2015
"24",24,24,"1400092013Snow","1400092013Snow 95% est","est","SK","OUF anisotropic",477.834383556517,0,1310.57859471926,0.00916171438373139,55,"140009","Snow",2014,"Brabant",6,"M",0.272727272727273,2013
"25",25,25,"1400092014Snow","1400092014Snow 95% est","est","SK","OUF anisotropic",21654.789738663,1,1293.72441135863,0.0207788447165556,43,"140009","Snow",2015,"Brabant",6,"M",0.204545454545455,2014
"26",26,26,"1400092014SnowFree","1400092014SnowFree 95% est","est","SK","OUF anisotropic",380.727807586938,0,1512.48811277926,0.0107461677642467,58,"140009","SnowFree",2014,"Brabant",6,"M",0.289772727272727,2014
"27",27,27,"1400092015Snow","1400092015Snow 95% est","est","SK","OUF anisotropic",16502.0832655518,1,1260.57660330224,0.0064422250011586,181,"140009","Snow",2015,"Brabant",6,"M",0.988636363636364,2015
"28",28,28,"1400092015SnowFree","1400092015SnowFree 95% est","est","SK","OUF anisotropic",273723.732403368,1,794.294508602404,0,183,"140009","SnowFree",2015,"Brabant",6,"M",1,2015
"29",29,29,"1400092016SnowFree","1400092016SnowFree 95% est","est","SK","OUF isotropic",439.578857824042,0,1880.95648878697,0.00108858293210391,22,"140009","SnowFree",2016,"Brabant",6,"M",0.0852272727272727,2016
"30",30,30,"1400102013Snow","1400102013Snow 95% est","est","SK","OUF anisotropic",2202.11631730474,0,914.856728013275,0,55,"140010","Snow",2014,"Wathaman",4,"M",0.272727272727273,2013
"31",31,31,"1400102014Snow","1400102014Snow 95% est","est","SK","OUF anisotropic",2079.07307807548,0,1013.08020278932,0.00711928836080296,180,"140010","Snow",2014,"Wathaman",4,"M",0.982954545454545,2014
"32",32,32,"1400102014SnowFree","1400102014SnowFree 95% est","est","SK","OUF anisotropic",2752.68613135477,0,1009.47180627047,0.00715864310522552,183,"140010","SnowFree",2014,"Wathaman",4,"M",1,2014
"33",33,33,"1400102015SnowFree","1400102015SnowFree 95% est","est","SK","OUF anisotropic",727.749995289392,0,733.732621440536,0.00710348902620834,183,"140010","SnowFree",2015,"Wathaman",4,"M",1,2015
"34",34,34,"1400112013Snow","1400112013Snow 95% est","est","SK","OUF anisotropic",475.988258266678,0,901.291168241353,0.00778692976114149,24,"140011","Snow",2014,"Airport",2,"M",0.0965909090909091,2013
"35",35,35,"1400122013Snow","1400122013Snow 95% est","est","SK","OUF anisotropic",313.536079168827,0,1101.40792427417,0.00446638003364503,46,"140012","Snow",2014,"Lost",5,"M",0.221590909090909,2013
"36",36,36,"1400142014Snow","1400142014Snow 95% est","est","SK","OUF anisotropic",2431.68882752567,0,1201.51839574381,0.00636280542670609,42,"140014","Snow",2015,"Southend",2,"F",0.198863636363636,2014
"37",37,37,"1400152013Snow","1400152013Snow 95% est","est","SK","OUF anisotropic",2421.82443351066,0,849.278797309048,0.00536920766510021,54,"140015","Snow",2014,"Mathers",NA,"F",0.267045454545455,2013
"38",38,38,"1400152014Snow","1400152014Snow 95% est","est","SK","OUF anisotropic",15894.2218110511,0,1341.06151362334,0.00447137756375131,180,"140015","Snow",2014,"Mathers",NA,"F",0.982954545454545,2014
"39",39,39,"1400152014SnowFree","1400152014SnowFree 95% est","est","SK","OUF anisotropic",2113.38702387575,0,1212.94486401953,0.00720427235964963,183,"140015","SnowFree",2014,"Mathers",NA,"F",1,2014
"40",40,40,"1400152015Snow","1400152015Snow 95% est","est","SK","OUF anisotropic",50154.4879443023,0,1133.25238712065,0.00570512998321153,173,"140015","Snow",2015,"Mathers",NA,"F",0.943181818181818,2015
"41",41,41,"1400152015SnowFree","1400152015SnowFree 95% est","est","SK","OUF anisotropic",9180.28787445292,0,906.760389087142,0,183,"140015","SnowFree",2015,"Mathers",NA,"F",1,2015
"42",42,42,"1400162013Snow","1400162013Snow 95% est","est","SK","OUF anisotropic",1841.78306297713,0,931.99018982593,0,54,"140016","Snow",2014,"Wathaman",4,"Unknown",0.267045454545455,2013
"43",43,43,"1400162014SnowFree","1400162014SnowFree 95% est","est","SK","OUF anisotropic",1040.52861759699,0,1014.62853676672,0,21,"140016","SnowFree",2014,"Wathaman",4,"Unknown",0.0795454545454545,2014
"44",44,44,"1400172013Snow","1400172013Snow 95% est","est","SK","OUF anisotropic",1765.5646685862,0,713.677084961192,0,54,"140017","Snow",2014,"Long Arm",5,"F",0.267045454545455,2013
"45",45,45,"1400172014Snow","1400172014Snow 95% est","est","SK","OUF anisotropic",1516.07088817111,0,764.489002811311,0,173,"140017","Snow",2014,"Long Arm",5,"F",0.943181818181818,2014
"46",46,46,"1400172014SnowFree","1400172014SnowFree 95% est","est","SK","OUF anisotropic",1481.35153891779,0,855.072721786361,0,183,"140017","SnowFree",2014,"Long Arm",5,"F",1,2014
"47",47,47,"1400182013Snow","1400182013Snow 95% est","est","SK","OUF anisotropic",2884.31778777805,0,944.301412439769,0.0089447758631315,47,"140018","Snow",2014,"Split",2,"F",0.227272727272727,2013
"48",48,48,"1400182014Snow","1400182014Snow 95% est","est","SK","OUF anisotropic",31449.4878154377,1,811.66354076748,0.00166711698033319,180,"140018","Snow",2014,"Split",2,"F",0.982954545454545,2014
"49",49,49,"1400182014SnowFree","1400182014SnowFree 95% est","est","SK","OUF anisotropic",38527.836391417,1,792.237442199278,0,183,"140018","SnowFree",2014,"Split",2,"F",1,2014
"50",50,50,"1400182015SnowFree","1400182015SnowFree 95% est","est","SK","OUF anisotropic",11459.6405538604,1,837.640037664783,0.00178173820711919,71,"140018","SnowFree",2015,"Split",2,"F",0.363636363636364,2015
"51",51,51,"1400192013Snow","1400192013Snow 95% est","est","SK","OUF anisotropic",1892.51344965761,0,1073.1464084298,0.00221739098473782,52,"140019","Snow",2014,"Boss",3,"M",0.255681818181818,2013
"52",52,52,"1400192014Snow","1400192014Snow 95% est","est","SK","OUF anisotropic",2052.97011160072,0,998.338910026858,0.00256309984592099,132,"140019","Snow",2014,"Boss",3,"M",0.710227272727273,2014
"53",53,53,"1400192014SnowFree","1400192014SnowFree 95% est","est","SK","OUF anisotropic",1932.95529369345,0,985.620772318442,0.0020369241860262,183,"140019","SnowFree",2014,"Boss",3,"M",1,2014
"54",54,54,"1400202013Snow","1400202013Snow 95% est","est","SK","OUF anisotropic",4202.28122333806,0,959.972281525761,0.00608248115758292,53,"140020","Snow",2014,"Geikie",6,"M",0.261363636363636,2013
"55",55,55,"1400202014Snow","1400202014Snow 95% est","est","SK","OUF anisotropic",26234.7787304101,1,966.16954043212,0.00256613291257078,180,"140020","Snow",2014,"Geikie",6,"M",0.982954545454545,2014
"56",56,56,"1400202014SnowFree","1400202014SnowFree 95% est","est","SK","OUF anisotropic",2464.57686925849,0,949.662927141486,0.0115275484686534,183,"140020","SnowFree",2014,"Geikie",6,"M",1,2014
"57",57,57,"1400202015Snow","1400202015Snow 95% est","est","SK","OUF anisotropic",82454.4470046366,1,737.816573897759,0.00777853998141288,130,"140020","Snow",2015,"Geikie",6,"M",0.698863636363636,2015
"58",58,58,"1400202015SnowFree","1400202015SnowFree 95% est","est","SK","OUF anisotropic",18182.0647476397,1,663.505501443001,0.0117457315603138,183,"140020","SnowFree",2015,"Geikie",6,"M",1,2015
"59",59,59,"1400212014Snow","1400212014Snow 95% est","est","SK","OUF anisotropic",2826.40174153123,0,947.179739599873,0.00440938326662491,49,"140021","Snow",2015,"Geikie",6,"M",0.238636363636364,2014
"60",60,60,"1400212015Snow","1400212015Snow 95% est","est","SK","OUF anisotropic",2162.95124789759,0,780.64290797808,0.00863783074513998,115,"140021","Snow",2015,"Geikie",6,"M",0.613636363636364,2015
"61",61,61,"1400212015SnowFree","1400212015SnowFree 95% est","est","SK","OUF isotropic",1054.69765302452,0,731.499125249929,0.0114761223542198,167,"140021","SnowFree",2015,"Geikie",6,"M",0.909090909090909,2015
"62",62,62,"1400222013Snow","1400222013Snow 95% est","est","SK","OUF anisotropic",2381.59556264432,0,332.392113477419,0.051312409752561,47,"140022","Snow",2014,"Keyest1",2,"F",0.227272727272727,2013
"63",63,63,"1400222014SnowFree","1400222014SnowFree 95% est","est","SK","OUF anisotropic",1425.03652145274,0,650.785509352411,0.032979512308427,24,"140022","SnowFree",2014,"Keyest1",2,"F",0.0965909090909091,2014
"64",64,64,"1400232013Snow","1400232013Snow 95% est","est","SK","OUF anisotropic",3347.45821293028,0,201.523516629222,0.000336819945236662,49,"140023","Snow",2014,"Engmann",10,"F",0.238636363636364,2013
"65",65,65,"1400232014Snow","1400232014Snow 95% est","est","SK","OUF isotropic",42664.8568021754,1,394.309048947677,0.000698635810777832,44,"140023","Snow",2014,"Engmann",10,"F",0.210227272727273,2014
"66",66,66,"1400232014SnowFree","1400232014SnowFree 95% est","est","SK","OUF anisotropic",4563.84030940819,0,376.096403058477,0.000556479686213164,183,"140023","SnowFree",2014,"Engmann",10,"F",1,2014
"67",67,67,"1400242013Snow","1400242013Snow 95% est","est","SK","OUF anisotropic",1447.54037370026,0,438.715924531232,0.0437623116843347,23,"140024","Snow",2014,"Keyest1",2,"M",0.0909090909090909,2013
"68",68,68,"1400252013Snow","1400252013Snow 95% est","est","SK","OUF anisotropic",2359.43616329299,0,985.15523697443,0.0102734064882717,17,"140025","Snow",2014,"Geikie",6,"F",0.0568181818181818,2013
"69",69,69,"1400262013Snow","1400262013Snow 95% est","est","SK","OUF anisotropic",799.846426848325,0,722.003996074033,0.00637674030425054,50,"140026","Snow",2014,"Orphan",3,"Unknown",0.244318181818182,2013
"70",70,70,"1400262014SnowFree","1400262014SnowFree 95% est","est","SK","OUF anisotropic",3408.15712024196,0,759.607152744135,0.00480057784737797,169,"140026","SnowFree",2014,"Orphan",3,"Unknown",0.920454545454545,2014
"71",71,71,"1400272013Snow","1400272013Snow 95% est","est","SK","OUF anisotropic",713.598165083821,0,720.340458792946,0.0063945832530286,50,"140027","Snow",2014,"Orphan",3,"F",0.244318181818182,2013
"72",72,72,"1400272014Snow","1400272014Snow 95% est","est","SK","OUF anisotropic",3652.85903307801,0,752.300783162017,0.0062068076031477,124,"140027","Snow",2014,"Orphan",3,"F",0.664772727272727,2014
"73",73,73,"1400272014SnowFree","1400272014SnowFree 95% est","est","SK","OUF anisotropic",3463.42041940534,0,762.482910274613,0.00464201636281597,183,"140027","SnowFree",2014,"Orphan",3,"F",1,2014
"74",74,74,"1400282014Snow","1400282014Snow 95% est","est","SK","OUF anisotropic",480.12686477498,0,1340.95408403727,0.00670007517265834,44,"140028","Snow",2015,"Copp",3,"M",0.210227272727273,2014
"75",75,75,"1400282015SnowFree","1400282015SnowFree 95% est","est","SK","OUF anisotropic",719.422914363013,0,1170.09731786879,0.007774932186606,109,"140028","SnowFree",2015,"Copp",3,"M",0.579545454545455,2015
"76",76,76,"1400292014Snow","1400292014Snow 95% est","est","SK","OUF isotropic",1649.03323571132,0,1262.69497770021,0.0100190200055097,40,"140029","Snow",2015,"Southend",2,"M",0.1875,2014
"77",77,77,"1400302014Snow","1400302014Snow 95% est","est","SK","OUF anisotropic",1753.03552740779,0,600.493540973213,0.026172075017419,43,"140030","Snow",2015,"Key West2",2,"M",0.204545454545455,2014
"78",78,78,"1400302015Snow","1400302015Snow 95% est","est","SK","OUF anisotropic",1490.37078800118,0,502.765937883122,0.0352510862679722,37,"140030","Snow",2015,"Key West2",2,"M",0.170454545454545,2015
"79",79,79,"1400302015SnowFree","1400302015SnowFree 95% est","est","SK","OUF anisotropic",996.606844442152,0,499.807642903019,0.0298491338729273,183,"140030","SnowFree",2015,"Key West2",2,"M",1,2015
"80",80,80,"1400312014Snow","1400312014Snow 95% est","est","SK","OUF anisotropic",2552.92388337904,0,1009.88598494777,0,44,"140031","Snow",2015,"Davin",2,"F",0.210227272727273,2014
"81",81,81,"1400312015SnowFree","1400312015SnowFree 95% est","est","SK","OUF anisotropic",2554.27398390256,0,809.945124716553,0,104,"140031","SnowFree",2015,"Davin",2,"F",0.551136363636364,2015
"82",82,82,"1400322014Snow","1400322014Snow 95% est","est","SK","OUF anisotropic",1463.90268956226,0,609.563905209557,0.0180234908503544,20,"140032","Snow",2015,"Key West2",2,"F",0.0738636363636364,2014
"83",83,83,"1400352014Snow","1400352014Snow 95% est","est","SK","OUF anisotropic",6600.47398133424,0,895.327803400564,0.00142200846172651,11,"140035","Snow",2015,"Dufferin",9,"M",0.0227272727272727,2014
"84",84,84,"1400362014Snow","1400362014Snow 95% est","est","SK","OUF anisotropic",1241.89794298399,0,985.814696008952,0.00147308894427127,44,"140036","Snow",2015,"Boss",3,"F",0.210227272727273,2014
"85",85,85,"1400362015Snow","1400362015Snow 95% est","est","SK","OUF anisotropic",3235.95331791086,0,871.403826443457,0.000752218175346372,11,"140036","Snow",2015,"Boss",3,"F",0.0227272727272727,2015
"86",86,86,"1400362015SnowFree","1400362015SnowFree 95% est","est","SK","OUF anisotropic",1333.16694000086,0,856.583926641071,0.00247279497208339,183,"140036","SnowFree",2015,"Boss",3,"F",1,2015
"87",87,87,"1400372014Snow","1400372014Snow 95% est","est","SK","OUF isotropic",1177.24211751182,0,1015.92125116713,0.00691436173131747,44,"140037","Snow",2015,"Peter Lake",2,"F",0.210227272727273,2014
"88",88,88,"1400372015Snow","1400372015Snow 95% est","est","SK","OUF anisotropic",2966.37125891608,1,726.688452812164,0.00718832081418232,109,"140037","Snow",2015,"Peter Lake",2,"F",0.579545454545455,2015
"89",89,89,"1400372015SnowFree","1400372015SnowFree 95% est","est","SK","OUF anisotropic",662.754720256202,0,735.299596058741,0.00727263352071047,183,"140037","SnowFree",2015,"Peter Lake",2,"F",1,2015
"90",90,90,"1400382014Snow","1400382014Snow 95% est","est","SK","OUF anisotropic",4916.42131210771,0,785.233965968586,0.019664637935934,42,"140038","Snow",2015,"Key3",2,"F",0.198863636363636,2014
"91",91,91,"1400382015Snow","1400382015Snow 95% est","est","SK","OUF anisotropic",2661.01361615709,0,819.572231488868,0.0107858016810303,92,"140038","Snow",2015,"Key3",2,"F",0.482954545454545,2015
"92",92,92,"1400382015SnowFree","1400382015SnowFree 95% est","est","SK","OUF anisotropic",1232.76284930699,0,743.165955840725,0.0323687824664714,183,"140038","SnowFree",2015,"Key3",2,"F",1,2015
"93",93,93,"1400392014Snow","1400392014Snow 95% est","est","SK","OUF isotropic",5939.58908626383,0,711.546493706653,0.00121488142752123,43,"140039","Snow",2015,"Dufferin",9,"F",0.204545454545455,2014
"94",94,94,"1400392015Snow","1400392015Snow 95% est","est","SK","OUF anisotropic",11639.0722010134,0,661.300347844797,0.0026477644560742,180,"140039","Snow",2015,"Dufferin",9,"F",0.982954545454545,2015
"95",95,95,"1400392015SnowFree","1400392015SnowFree 95% est","est","SK","OUF anisotropic",2065.43359845131,0,587.834511426897,0.00125968881563957,183,"140039","SnowFree",2015,"Dufferin",9,"F",1,2015
"96",96,96,"BW0082012Snow","BW0082012Snow 95% est","est","BC","OU anisotropic",1275.22211595504,0,1695.10732185311,0.0782663457536392,57,"BW008","Snow",2013,"Tsimeh",6,"M",0.284090909090909,2012
"97",97,97,"BW0082013Snow","BW0082013Snow 95% est","est","BC","OU anisotropic",1572.45958691767,0,1639.07795025067,0.100806048200936,180,"BW008","Snow",2013,"Tsimeh",6,"M",0.982954545454545,2013
"98",98,98,"BW0082013SnowFree","BW0082013SnowFree 95% est","est","BC","OUF anisotropic",687.092980354921,0,1633.75925628593,0.102659915562129,182,"BW008","SnowFree",2013,"Tsimeh",6,"M",0.994318181818182,2013
"99",99,99,"BW0082014SnowFree","BW0082014SnowFree 95% est","est","BC","OUF anisotropic",763.121753485666,0,1913.66043899456,0.0981828751599448,98,"BW008","SnowFree",2014,"Tsimeh",6,"M",0.517045454545455,2014
"100",100,100,"BW0092012Snow","BW0092012Snow 95% est","est","BC","OU anisotropic",1165.64298690446,0,1694.86366409762,0.0786540862444895,56,"BW009","Snow",2013,"Tsimeh",6,"F",0.278409090909091,2012
"101",101,101,"BW0092013Snow","BW0092013Snow 95% est","est","BC","OU anisotropic",1544.74396609317,0,1637.49053267753,0.100730412814075,180,"BW009","Snow",2013,"Tsimeh",6,"F",0.982954545454545,2013
"102",102,102,"BW0092013SnowFree","BW0092013SnowFree 95% est","est","BC","OU anisotropic",805.696487637577,0,1637.88926530088,0.102103356641087,182,"BW009","SnowFree",2013,"Tsimeh",6,"F",0.994318181818182,2013
"103",103,103,"BW0092014SnowFree","BW0092014SnowFree 95% est","est","BC","OUF anisotropic",945.081991569402,0,1913.11863998458,0.103671931269594,149,"BW009","SnowFree",2014,"Tsimeh",6,"F",0.806818181818182,2014
"104",104,104,"BW0102012Snow","BW0102012Snow 95% est","est","BC","OUF isotropic",1939.72483539989,0,1516.93945300019,0.335130465761247,56,"BW010","Snow",2013,"Snake",6,"M",0.278409090909091,2012
"105",105,105,"BW0102013Snow","BW0102013Snow 95% est","est","BC","OUF anisotropic",4720.55778229475,0,1292.54572615434,0.195059870669755,180,"BW010","Snow",2013,"Snake",6,"M",0.982954545454545,2013
"106",106,106,"BW0102013SnowFree","BW0102013SnowFree 95% est","est","BC","OUF isotropic",107781.696335575,1,1633.1731861606,0.292976820855582,183,"BW010","SnowFree",2013,"Snake",6,"M",1,2013
"107",107,107,"BW0102014SnowFree","BW0102014SnowFree 95% est","est","BC","OUF anisotropic",1566.81125264425,0,1138.03522251685,0.196262614375969,106,"BW010","SnowFree",2014,"Snake",6,"M",0.5625,2014
"108",108,108,"BW0122012Snow","BW0122012Snow 95% est","est","BC","OUf isotropic",981.543821240248,0,1805.43594817132,0.473066224567695,52,"BW012","Snow",2013,"Big Arrow",6,"F",0.255681818181818,2012
"109",109,109,"BW0122013Snow","BW0122013Snow 95% est","est","BC","OU isotropic",2758.20594824426,0,1673.46523765442,0.492394826108668,180,"BW012","Snow",2013,"Big Arrow",6,"F",0.982954545454545,2013
"110",110,110,"BW0122013SnowFree","BW0122013SnowFree 95% est","est","BC","OUF anisotropic",941.307868468529,0,1609.04135014363,0.541703627676918,183,"BW012","SnowFree",2013,"Big Arrow",6,"F",1,2013
"111",111,111,"BW0122014SnowFree","BW0122014SnowFree 95% est","est","BC","OUF anisotropic",1045.25097276673,0,1695.38950928467,0.495931481086378,183,"BW012","SnowFree",2014,"Big Arrow",6,"F",1,2014
"112",112,112,"BW0132013SnowFree","BW0132013SnowFree 95% est","est","BC","OUF anisotropic",555.956522752525,0,1512.03403429311,0.323737128293711,60,"BW013","SnowFree",2013,"West Clarke",9,"F",0.301136363636364,2013
"113",113,113,"BW0142013Snow","BW0142013Snow 95% est","est","BC","OU anisotropic",1558.78989707666,0,1637.46610986187,0.100989869677715,180,"BW014","Snow",2013,"Tsimeh",6,"M",0.982954545454545,2013
"114",114,114,"BW0142013SnowFree","BW0142013SnowFree 95% est","est","BC","OUF anisotropic",753.207775940031,0,1634.32726104418,0.102140200348623,182,"BW014","SnowFree",2013,"Tsimeh",6,"M",0.994318181818182,2013
"115",115,115,"BW0142014Snow","BW0142014Snow 95% est","est","BC","OUF anisotropic",4383.87633577386,0,1768.23462965951,0.11129022196556,180,"BW014","Snow",2014,"Tsimeh",6,"M",0.982954545454545,2014
"116",116,116,"BW0142014SnowFree","BW0142014SnowFree 95% est","est","BC","OUF isotropic",1405.22531390859,0,1917.22850671464,0.0999411187674049,183,"BW014","SnowFree",2014,"Tsimeh",6,"M",1,2014
"117",117,117,"BW0152013SnowFree","BW0152013SnowFree 95% est","est","BC","OUF isotropic",10580.446808896,0,1649.79230522088,0.0661695855702448,183,"BW015","SnowFree",2013,"Snake",6,"F",1,2013
"118",118,118,"BW0162013SnowFree","BW0162013SnowFree 95% est","est","BC","OUF anisotropic",561.803814976509,0,1688.87623475659,0.241404944803806,106,"BW016","SnowFree",2013,"Snake",6,"F",0.5625,2013
"119",119,119,"BW0172013Snow","BW0172013Snow 95% est","est","BC","OU anisotropic",1215.69418866122,0,1584.70973716421,0.554505979009437,98,"BW017","Snow",2013,"Elleh",2,"M",0.517045454545455,2013
"120",120,120,"BW0172013SnowFree","BW0172013SnowFree 95% est","est","BC","OUF isotropic",1040.74874402866,0,1560.64163394064,0.559300118184256,183,"BW017","SnowFree",2013,"Elleh",2,"M",1,2013
"121",121,121,"BW0182013SnowFree","BW0182013SnowFree 95% est","est","BC","OUF isotropic",1110.91269718313,0,1560.67891060104,0.559224247421965,169,"BW018","SnowFree",2013,"Elleh",2,"F",0.920454545454545,2013
"122",122,122,"BW0192013Snow","BW0192013Snow 95% est","est","BC","OU anisotropic",2026.63665613041,0,1463.35446408521,0.161740317810907,179,"BW019","Snow",2013,"Parker",3,"M",0.977272727272727,2013
"123",123,123,"BW0192013SnowFree","BW0192013SnowFree 95% est","est","BC","OUF anisotropic",388.723101041186,0,1498.55328396652,0.216202544465626,183,"BW019","SnowFree",2013,"Parker",3,"M",1,2013
"124",124,124,"BW0192014SnowFree","BW0192014SnowFree 95% est","est","BC","OUF anisotropic",741.883188278729,0,1244.40204701743,0.129798846707615,55,"BW019","SnowFree",2014,"Parker",3,"M",0.272727272727273,2014
"125",125,125,"BW0212013Snow","BW0212013Snow 95% est","est","BC","OUF anisotropic",983.226939304568,0,1553.88773612136,0.498669505341648,180,"BW021","Snow",2013,"Clarke",4,"M",0.982954545454545,2013
"126",126,126,"BW0212013SnowFree","BW0212013SnowFree 95% est","est","BC","OUF anisotropic",449.589537839547,0,1582.78172629552,0.48392694504629,183,"BW021","SnowFree",2013,"Clarke",4,"M",1,2013
"127",127,127,"BW0212014SnowFree","BW0212014SnowFree 95% est","est","BC","OUF anisotropic",984.375843842082,0,1670.84510283562,0.435953625790988,60,"BW021","SnowFree",2014,"Clarke",4,"M",0.301136363636364,2014
"128",128,128,"BW0242013Snow","BW0242013Snow 95% est","est","BC","OUF anisotropic",1727.13710807832,0,1499.87390389905,0.526374340971221,40,"BW024","Snow",2014,"Snake-Sahtaneh",NA,"M",0.1875,2013
"129",129,129,"BW0242014Snow","BW0242014Snow 95% est","est","BC","OUF anisotropic",2792.95115574048,0,1723.23115220484,0.488871764264581,112,"BW024","Snow",2014,"Snake-Sahtaneh",NA,"M",0.596590909090909,2014
"130",130,130,"BW0242014SnowFree","BW0242014SnowFree 95% est","est","BC","OUF anisotropic",846.321578082016,0,1608.73740937338,0.522264505189602,183,"BW024","SnowFree",2014,"Snake-Sahtaneh",NA,"M",1,2014
"131",131,131,"BW0242015Snow","BW0242015Snow 95% est","est","BC","OUF isotropic",1911.61702258544,0,1334.01449579154,0.487702806347607,65,"BW024","Snow",2016,"Snake-Sahtaneh",NA,"M",0.329545454545455,2015
"132",132,132,"BW0242016Snow","BW0242016Snow 95% est","est","BC","OUF anisotropic",2056.08096983083,0,1511.38205194637,0.533429028978338,16,"BW024","Snow",2016,"Snake-Sahtaneh",NA,"M",0.0511363636363636,2016
"133",133,133,"BW0242016SnowFree","BW0242016SnowFree 95% est","est","BC","OUF anisotropic",1018.15774875729,0,1552.18945053523,0.507119202421777,183,"BW024","SnowFree",2016,"Snake-Sahtaneh",NA,"M",1,2016
"134",134,134,"BW0252013Snow","BW0252013Snow 95% est","est","BC","OUF anisotropic",1684.29398340275,0,1499.35505956235,0.522799452941214,41,"BW025","Snow",2014,"Kwokullie",3,"M",0.193181818181818,2013
"135",135,135,"BW0252014SnowFree","BW0252014SnowFree 95% est","est","BC","OUF anisotropic",1146.62325254477,0,1557.12090692436,0.534242149910053,123,"BW025","SnowFree",2014,"Kwokullie",3,"M",0.659090909090909,2014
"136",136,136,"BW0272013Snow","BW0272013Snow 95% est","est","BC","OUF isotropic",1715.75810587654,0,1700.98844504193,0.349538773943381,30,"BW027","Snow",2014,"Snake",6,"M",0.130681818181818,2013
"137",137,137,"BW0272014Snow","BW0272014Snow 95% est","est","BC","OUF anisotropic",3580.823450397,0,1797.15933107126,0.264574517358002,68,"BW027","Snow",2014,"Snake",6,"M",0.346590909090909,2014
"138",138,138,"BW0272014SnowFree","BW0272014SnowFree 95% est","est","BC","OUF anisotropic",47779.1525710954,1,1839.65301634186,0.0627193704885638,183,"BW027","SnowFree",2014,"Snake",6,"M",1,2014
"139",139,139,"BW0282013Snow","BW0282013Snow 95% est","est","BC","OUF isotropic",1905.75552368939,0,1698.19374659967,0.341313046181677,29,"BW028","Snow",2014,"Snake",6,"M",0.125,2013
"140",140,140,"BW0282014SnowFree","BW0282014SnowFree 95% est","est","BC","OUF anisotropic",304946.046552522,1,1304.10507652725,0.0313023809076689,128,"BW028","SnowFree",2014,"Snake",6,"M",0.6875,2014
"141",141,141,"BW0292013Snow","BW0292013Snow 95% est","est","BC","OUF anisotropic",1510.35587927091,0,1615.49447620893,0.279499421745034,29,"BW029","Snow",2014,"Clarke",4,"F",0.125,2013
"142",142,142,"BW0292014SnowFree","BW0292014SnowFree 95% est","est","BC","OUF anisotropic",3098.70390160329,0,1717.94203109344,0.288267794725017,72,"BW029","SnowFree",2014,"Clarke",4,"F",0.369318181818182,2014
"143",143,143,"BW0302013Snow","BW0302013Snow 95% est","est","BC","OUF anisotropic",841.22144416505,0,1538.60677976973,0.4822560976067,28,"BW030","Snow",2014,"Clarke",4,"F",0.119318181818182,2013
"144",144,144,"BW0302014Snow","BW0302014Snow 95% est","est","BC","OUF anisotropic",2109.91794406047,0,1708.76136253513,0.33747135000614,56,"BW030","Snow",2014,"Clarke",4,"F",0.278409090909091,2014
"145",145,145,"BW0302014SnowFree","BW0302014SnowFree 95% est","est","BC","OUF anisotropic",1183.56296216228,0,1676.14035455955,0.420883611701745,183,"BW030","SnowFree",2014,"Clarke",4,"F",1,2014
"146",146,146,"BW0312013Snow","BW0312013Snow 95% est","est","BC","OU anisotropic",877.037258874851,0,1538.833466966,0.482275192332506,29,"BW031","Snow",2014,"Clarke",4,"F",0.125,2013
"147",147,147,"BW0312014SnowFree","BW0312014SnowFree 95% est","est","BC","OUF anisotropic",2513.48713944263,0,1679.01584574878,0.492977872278497,118,"BW031","SnowFree",2014,"Clarke",4,"F",0.630681818181818,2014
"148",148,148,"BW0332014Snow","BW0332014Snow 95% est","est","BC","OUF anisotropic",2603.41248883276,0,1331.85150723345,0.452575837988759,81,"BW033","Snow",2015,"Fortune/Tsea",NA,"M",0.420454545454545,2014
"149",149,149,"BW0332015Snow","BW0332015Snow 95% est","est","BC","OUF isotropic",1734.86404713729,0,1317.72893061744,0.489777078806511,22,"BW033","Snow",2015,"Fortune/Tsea",NA,"M",0.0852272727272727,2015
"150",150,150,"BW0332015SnowFree","BW0332015SnowFree 95% est","est","BC","OUF anisotropic",1349.00867396901,0,1274.26909224198,0.448126793915663,183,"BW033","SnowFree",2015,"Fortune/Tsea",NA,"M",1,2015
"151",151,151,"BW0352014Snow","BW0352014Snow 95% est","est","BC","OUF anisotropic",1969.50833015892,0,1448.65556728401,0.291494899073877,64,"BW035","Snow",2015,"Maxhamish",NA,"M",0.323863636363636,2014
"152",152,152,"BW0352015Snow","BW0352015Snow 95% est","est","BC","OUF anisotropic",5346.3779569312,0,1522.99402172162,0.234559679959058,8,"BW035","Snow",2015,"Maxhamish",NA,"M",0.00568181818181818,2015
"153",153,153,"BW0352015SnowFree","BW0352015SnowFree 95% est","est","BC","OUF anisotropic",4128.40557313525,1,1731.4495803703,0.186483394134865,175,"BW035","SnowFree",2015,"Maxhamish",NA,"M",0.954545454545455,2015
"154",154,154,"BW0362014Snow","BW0362014Snow 95% est","est","BC","OUF anisotropic",2226.89895549739,0,1371.05367990281,0.321223278403547,64,"BW036","Snow",2015,"Maxhamish",NA,"M",0.323863636363636,2014
"155",155,155,"BW0362015Snow","BW0362015Snow 95% est","est","BC","OUF anisotropic",4128.33541131569,0,1520.82180654293,0.21931233993695,80,"BW036","Snow",2015,"Maxhamish",NA,"M",0.414772727272727,2015
"156",156,156,"BW0362015SnowFree","BW0362015SnowFree 95% est","est","BC","OUF anisotropic",2015.52302767598,0,1571.22026819433,0.229877458891442,183,"BW036","SnowFree",2015,"Maxhamish",NA,"M",1,2015
"157",157,157,"BW0382014Snow","BW0382014Snow 95% est","est","BC","OUF anisotropic",1205.65956221821,0,1639.82383552843,0.55715241555699,56,"BW038","Snow",2015,"Clarke",4,"F",0.278409090909091,2014
"158",158,158,"BW0382015Snow","BW0382015Snow 95% est","est","BC","OUF anisotropic",928.998428893995,0,1609.29925399531,0.567375481511381,181,"BW038","Snow",2015,"Clarke",4,"F",0.988636363636364,2015
"159",159,159,"BW0382015SnowFree","BW0382015SnowFree 95% est","est","BC","OUF anisotropic",1068.77713479056,0,1605.63496449571,0.558323997269044,183,"BW038","SnowFree",2015,"Clarke",4,"F",1,2015
"160",160,160,"BW0382016Snow","BW0382016Snow 95% est","est","BC","OUF isotropic",1575.74659905952,0,1699.59045783133,0.554063861100758,180,"BW038","Snow",2016,"Clarke",4,"F",0.982954545454545,2016
"161",161,161,"BW0382016SnowFree","BW0382016SnowFree 95% est","est","BC","OUF anisotropic",708.574985740013,0,1704.21058638205,0.558126865839329,183,"BW038","SnowFree",2016,"Clarke",4,"F",1,2016
"162",162,162,"BW0382017SnowFree","BW0382017SnowFree 95% est","est","BC","OUF anisotropic",1089.08837705576,0,1180.56624494252,0.546525262050551,120,"BW038","SnowFree",2017,"Clarke",4,"F",0.642045454545455,2017
"163",163,163,"BW0392014Snow","BW0392014Snow 95% est","est","BC","OUF anisotropic",1446.81998747331,0,1639.96529674496,0.558783565533859,53,"BW039","Snow",2015,"Clarke",4,"M",0.261363636363636,2014
"164",164,164,"BW0392015Snow","BW0392015Snow 95% est","est","BC","OUF anisotropic",1209.29468272095,0,1607.27100401606,0.567473049168488,181,"BW039","Snow",2015,"Clarke",4,"M",0.988636363636364,2015
"165",165,165,"BW0392015SnowFree","BW0392015SnowFree 95% est","est","BC","OUF anisotropic",1163.76224035581,0,1607.54509381828,0.562143579965746,183,"BW039","SnowFree",2015,"Clarke",4,"M",1,2015
"166",166,166,"BW0392016SnowFree","BW0392016SnowFree 95% est","est","BC","OUF anisotropic",959.157041327225,0,1713.82461271453,0.576634909950636,149,"BW039","SnowFree",2016,"Clarke",4,"M",0.806818181818182,2016
"167",167,167,"BW0402014Snow","BW0402014Snow 95% est","est","BC","OUF isotropic",1189.94054825812,0,1634.96513534366,0.573818683458801,35,"BW040","Snow",2015,"Clarke",4,"M",0.159090909090909,2014
"168",168,168,"BW0402015Snow","BW0402015Snow 95% est","est","BC","OUF anisotropic",2482.95039030434,1,1583.63983731996,0.517514166996334,181,"BW040","Snow",2015,"Clarke",4,"M",0.988636363636364,2015
"169",169,169,"BW0402015SnowFree","BW0402015SnowFree 95% est","est","BC","OUF anisotropic",4325.86656021254,1,1575.26284604021,0.508012282315119,183,"BW040","SnowFree",2015,"Clarke",4,"M",1,2015
"170",170,170,"BW0402016Snow","BW0402016Snow 95% est","est","BC","OUF anisotropic",1727.22696625545,0,1703.80778498908,0.558223847160751,103,"BW040","Snow",2016,"Clarke",4,"M",0.545454545454545,2016
"171",171,171,"BW0402016SnowFree","BW0402016SnowFree 95% est","est","BC","OUF anisotropic",1211.57403413051,0,1716.38760885633,0.577580194729349,183,"BW040","SnowFree",2016,"Clarke",4,"M",1,2016
"172",172,172,"BW0412014Snow","BW0412014Snow 95% est","est","BC","OUF isotropic",4989.76276267578,0,1312.57585521465,0.269916018910086,33,"BW041","Snow",2015,"Fortune",10,"F",0.147727272727273,2014
"173",173,173,"BW0412015Snow","BW0412015Snow 95% est","est","BC","OUF anisotropic",3838.37595850273,0,1380.83947760228,0.290365462395798,24,"BW041","Snow",2015,"Fortune",10,"F",0.0965909090909091,2015
"174",174,174,"BW0412015SnowFree","BW0412015SnowFree 95% est","est","BC","OUF anisotropic",15566.7832031655,1,1119.46618945591,0.167745614778034,183,"BW041","SnowFree",2015,"Fortune",10,"F",1,2015
"175",175,175,"BW042nex2015Snow","BW042nex2015Snow 95% est","est","BC","OUF anisotropic",6787.39743808999,NA,1163.1442819366,0.285031206641015,181,"BW042nex","Snow",2015,"Calendar",NA,NA,0.988636363636364,2015
"176",176,176,"BW042nex2015SnowFree","BW042nex2015SnowFree 95% est","est","BC","OUF anisotropic",3282.04884966431,NA,1158.02437867888,0.282589966130875,47,"BW042nex","SnowFree",2015,"Calendar",NA,NA,0.227272727272727,2015
"177",177,177,"BW042nex2016SnowFree","BW042nex2016SnowFree 95% est","est","BC","OUF anisotropic",3953.76490733416,NA,1334.21263595859,0.28658172056987,123,"BW042nex","SnowFree",2016,"Calendar",NA,NA,0.659090909090909,2016
"178",178,178,"BW043nex2015Snow","BW043nex2015Snow 95% est","est","BC","OUF anisotropic",7442.23167183258,NA,1163.1286207121,0.284765774090261,181,"BW043nex","Snow",2015,"Calendar",NA,NA,0.988636363636364,2015
"179",179,179,"BW043nex2015SnowFree","BW043nex2015SnowFree 95% est","est","BC","OUF anisotropic",3019.5624835906,NA,1163.79545306601,0.285841194139862,47,"BW043nex","SnowFree",2015,"Calendar",NA,NA,0.227272727272727,2015
"180",180,180,"BW043nex2016SnowFree","BW043nex2016SnowFree 95% est","est","BC","OUF anisotropic",3373.64876137337,NA,1341.94586424393,0.261367997259264,44,"BW043nex","SnowFree",2016,"Calendar",NA,NA,0.210227272727273,2016
"181",181,181,"BW044nex2014Snow","BW044nex2014Snow 95% est","est","BC","OUF anisotropic",1228.64840021822,NA,1355.25622493856,0.302350060946816,31,"BW044nex","Snow",2015,"Calendar",NA,NA,0.136363636363636,2014
"182",182,182,"BW044nex2015Snow","BW044nex2015Snow 95% est","est","BC","OUF anisotropic",5948.21717935403,NA,1154.56655217534,0.283326015946273,160,"BW044nex","Snow",2015,"Calendar",NA,NA,0.869318181818182,2015
"183",183,183,"BW044nex2015SnowFree","BW044nex2015SnowFree 95% est","est","BC","OUF anisotropic",2023.84644930033,NA,1164.95453955691,0.297190036905627,182,"BW044nex","SnowFree",2015,"Calendar",NA,NA,0.994318181818182,2015
"184",184,184,"BW045nex2015Snow","BW045nex2015Snow 95% est","est","BC","OUF anisotropic",10474.3369856649,NA,1131.48585641826,0.260091873408815,181,"BW045nex","Snow",2015,"Calendar",NA,NA,0.988636363636364,2015
"185",185,185,"BW045nex2015SnowFree","BW045nex2015SnowFree 95% est","est","BC","OUF anisotropic",3590.11318101492,NA,1167.88735852738,0.291961471633018,47,"BW045nex","SnowFree",2015,"Calendar",NA,NA,0.227272727272727,2015
"186",186,186,"BW045nex2016Snow","BW045nex2016Snow 95% est","est","BC","OUF anisotropic",2795.23715339765,NA,1461.53840201199,0.392141680777606,168,"BW045nex","Snow",2016,"Calendar",NA,NA,0.914772727272727,2016
"187",187,187,"BW045nex2016SnowFree","BW045nex2016SnowFree 95% est","est","BC","OUF anisotropic",8968.78755217359,NA,1475.09654915671,0.241389697236285,183,"BW045nex","SnowFree",2016,"Calendar",NA,NA,1,2016
"188",188,188,"BW046nex2015Snow","BW046nex2015Snow 95% est","est","BC","OUF anisotropic",6673.0455871223,NA,1163.79679851185,0.286409231126992,50,"BW046nex","Snow",2015,"Calendar",NA,NA,0.244318181818182,2015
"189",189,189,"BW046nex2015SnowFree","BW046nex2015SnowFree 95% est","est","BC","OUF anisotropic",2494.63586148669,NA,1168.16620696369,0.297282091541006,183,"BW046nex","SnowFree",2015,"Calendar",NA,NA,1,2015
"190",190,190,"BW047nex2015SnowFree","BW047nex2015SnowFree 95% est","est","BC","OUF anisotropic",1410.09640236813,NA,1275.25730304864,0.4519714120892,182,"BW047nex","SnowFree",2015,"Fortune/Tsea",NA,NA,0.994318181818182,2015
"191",191,191,"BW049nex2015Snow","BW049nex2015Snow 95% est","est","BC","OUF isotropic",2578.7378597752,NA,1271.58821655036,0.450074727453342,181,"BW049nex","Snow",2015,"Fortune/Tsea",NA,NA,0.988636363636364,2015
"192",192,192,"BW049nex2015SnowFree","BW049nex2015SnowFree 95% est","est","BC","OUf anisotropic",1797.99431051672,NA,1339.28764872883,0.463411107884,47,"BW049nex","SnowFree",2015,"Fortune/Tsea",NA,NA,0.227272727272727,2015
"193",193,193,"BW049nex2016Snow","BW049nex2016Snow 95% est","est","BC","OUF anisotropic",2769.79737367232,NA,1546.61492660872,0.462657468805982,51,"BW049nex","Snow",2016,"Fortune/Tsea",NA,NA,0.25,2016
"194",194,194,"BW049nex2016SnowFree","BW049nex2016SnowFree 95% est","est","BC","OUF anisotropic",1620.07720864267,NA,1563.74377167584,0.487227411100246,183,"BW049nex","SnowFree",2016,"Fortune/Tsea",NA,NA,1,2016
"195",195,195,"BW0502014Snow","BW0502014Snow 95% est","est","BC","OUF anisotropic",3031.92903177398,0,1327.77627589289,0.406209430940924,22,"BW050","Snow",2015,"Fortune/Tsea",NA,"F",0.0852272727272727,2014
"196",196,196,"BW0502015SnowFree","BW0502015SnowFree 95% est","est","BC","OUF anisotropic",1579.81398851212,0,1268.3364088345,0.445338255331378,183,"BW050","SnowFree",2015,"Fortune/Tsea",NA,"F",1,2015
"197",197,197,"BW0512014Snow","BW0512014Snow 95% est","est","BC","OUF anisotropic",1985.41518728118,0,1886.80552319938,0.0955173827397561,21,"BW051","Snow",2015,"Fort Nelson",NA,"M",0.0795454545454545,2014
"198",198,198,"BW0512015SnowFree","BW0512015SnowFree 95% est","est","BC","OUF anisotropic",59621.5723316726,1,1722.40742864424,0.103793107907221,166,"BW051","SnowFree",2015,"Fort Nelson",NA,"M",0.903409090909091,2015
"199",199,199,"BW0522015Snow","BW0522015Snow 95% est","est","BC","OUF isotropic",1680.08729631102,0,1345.91284078077,0.485110529170051,65,"BW052","Snow",2016,"Snake-Sahtaneh",NA,"F",0.329545454545455,2015
"200",200,200,"BW0522016Snow","BW0522016Snow 95% est","est","BC","OUF anisotropic",1540.58825018216,0,1530.49818670466,0.532234735081515,21,"BW052","Snow",2016,"Snake-Sahtaneh",NA,"F",0.0795454545454545,2016
"201",201,201,"BW0522016SnowFree","BW0522016SnowFree 95% est","est","BC","OUF anisotropic",914.740471860389,0,1539.33522488441,0.503089586137262,183,"BW052","SnowFree",2016,"Snake-Sahtaneh",NA,"F",1,2016
"202",202,202,"BW0532015Snow","BW0532015Snow 95% est","est","BC","OUF anisotropic",7559.36499147128,0,1790.95072700487,0.197157544946246,64,"BW053","Snow",2016,"Chinchaga",NA,"M",0.323863636363636,2015
"203",203,203,"BW0532016Snow","BW0532016Snow 95% est","est","BC","OUF anisotropic",5796.57620490449,0,1547.09964242386,0.18635036064492,180,"BW053","Snow",2016,"Chinchaga",NA,"M",0.982954545454545,2016
"204",204,204,"BW0532016SnowFree","BW0532016SnowFree 95% est","est","BC","OUF anisotropic",4922.24110928487,0,1713.01803520472,0.222542771189964,183,"BW053","SnowFree",2016,"Chinchaga",NA,"M",1,2016
"205",205,205,"BW0532017SnowFree","BW0532017SnowFree 95% est","est","BC","OUF anisotropic",2146.07481061487,0,1202.73000799361,0.151903237797817,13,"BW053","SnowFree",2017,"Chinchaga",NA,"M",0.0340909090909091,2017
"206",206,206,"W001C2014Snow","W001C2014Snow 95% est","est","RICC","OUF anisotropic",1136.01569988389,0,1580.39676774409,0.297783446661269,50,"W001C","Snow",2015,"Rat",7,"F",0.244318181818182,2014
"207",207,207,"W001C2015SnowFree","W001C2015SnowFree 95% est","est","RICC","OUF anisotropic",950.022398106724,0,1369.1665106639,0.306709948797839,177,"W001C","SnowFree",2015,"Rat",7,"F",0.965909090909091,2015
"208",208,208,"W001R2014Snow","W001R2014Snow 95% est","est","RICC","OUf isotropic",1051.90582998099,0,1577.69323510826,0.299912223511668,53,"W001R","Snow",2015,"Rat",7,"F",0.261363636363636,2014
"209",209,209,"W001R2015SnowFree","W001R2015SnowFree 95% est","est","RICC","OU anisotropic",1014.94250931528,0,1370.4294166946,0.309425141865615,183,"W001R","SnowFree",2015,"Rat",7,"F",1,2015
"210",210,210,"W002C2014Snow","W002C2014Snow 95% est","est","RICC","OUF anisotropic",1778.00131057024,0,1828.97155379283,0.236375255448209,44,"W002C","Snow",2015,"Clyde",3,"F",0.210227272727273,2014
"211",211,211,"W002C2015SnowFree","W002C2015SnowFree 95% est","est","RICC","OUF isotropic",624.114621020944,0,1442.88447038593,0.302236570215582,139,"W002C","SnowFree",2015,"Clyde",3,"F",0.75,2015
"212",212,212,"W002D2012Snow","W002D2012Snow 95% est","est","RICC","OUF anisotropic",6165.27221601453,1,1700.56178995434,0.0118959538011541,57,"W002D","Snow",2013,"Watapi",4,"F",0.284090909090909,2012
"213",213,213,"W002D2013Snow","W002D2013Snow 95% est","est","RICC","OUF anisotropic",11644.176153382,1,1561.60284129298,0.0235053889157678,179,"W002D","Snow",2013,"Watapi",4,"F",0.977272727272727,2013
"214",214,214,"W002D2013SnowFree","W002D2013SnowFree 95% est","est","RICC","OUF anisotropic",5132.42592873826,1,1567.49382161312,0.0228905255604071,183,"W002D","SnowFree",2013,"Watapi",4,"F",1,2013
"215",215,215,"W002R2014Snow","W002R2014Snow 95% est","est","RICC","OUf isotropic",4044.16955670111,0,1363.567224037,0.0712960402186047,49,"W002R","Snow",2015,"NAT",6,"F",0.238636363636364,2014
"216",216,216,"W002R2015SnowFree","W002R2015SnowFree 95% est","est","RICC","OUF anisotropic",1988.44559393022,0,1213.42215306817,0.102657658864484,181,"W002R","SnowFree",2015,"NAT",6,"F",0.988636363636364,2015
"217",217,217,"W003D2012Snow","W003D2012Snow 95% est","est","RICC","OU anisotropic",261.256025897498,0,1266.59564564074,0.254715033386526,56,"W003D","Snow",2013,"SWWinefred",5,"M",0.278409090909091,2012
"218",218,218,"W003D2013Snow","W003D2013Snow 95% est","est","RICC","OUF anisotropic",328.268473676875,0,1342.53215055871,0.25355773438729,96,"W003D","Snow",2014,"SWWinefred",5,"M",0.505681818181818,2013
"219",219,219,"W003D2013SnowFree","W003D2013SnowFree 95% est","est","RICC","OUF anisotropic",296.852766453476,0,1343.07697976027,0.277930617742557,132,"W003D","SnowFree",2013,"SWWinefred",5,"M",0.710227272727273,2013
"220",220,220,"W003D2014Snow","W003D2014Snow 95% est","est","RICC","OUF anisotropic",569.276192902296,0,1398.17542597377,0.264232791343166,180,"W003D","Snow",2014,"SWWinefred",5,"M",0.982954545454545,2014
"221",221,221,"W003D2014SnowFree","W003D2014SnowFree 95% est","est","RICC","OU anisotropic",500.061696298171,0,1392.58134706556,0.234804953827701,183,"W003D","SnowFree",2014,"SWWinefred",5,"M",1,2014
"222",222,222,"W003D2015SnowFree","W003D2015SnowFree 95% est","est","RICC","OUF anisotropic",481.961998418683,0,1238.04520771999,0.267589540705614,142,"W003D","SnowFree",2015,"SWWinefred",5,"M",0.767045454545455,2015
"223",223,223,"W003F2012Snow","W003F2012Snow 95% est","est","RICC","OUF anisotropic",211.40480200147,0,1211.2142005819,0.415570331441727,94,"W003F","Snow",2013,"Christina",2,"M",0.494318181818182,2012
"224",224,224,"W003F2013SnowFree","W003F2013SnowFree 95% est","est","RICC","OUF anisotropic",848.017594317795,0,1471.43623780739,0.412958593485538,168,"W003F","SnowFree",2013,"Christina",2,"M",0.914772727272727,2013
"225",225,225,"W003R2015SnowFree","W003R2015SnowFree 95% est","est","RICC","OU anisotropic",465.058369635018,0,1995.94746915479,0.19583040441191,153,"W003R","SnowFree",2015,"Philomena",6,"F",0.829545454545455,2015
"226",226,226,"W004D2012Snow","W004D2012Snow 95% est","est","RICC","OUF anisotropic",1058.32153957779,0,1311.99960521121,0.131504957568541,56,"W004D","Snow",2013,"EWinefred",6,"M",0.278409090909091,2012
"227",227,227,"W004D2013Snow","W004D2013Snow 95% est","est","RICC","OUF anisotropic",695.941227110891,0,1282.89075990133,0.232839194851835,108,"W004D","Snow",2013,"EWinefred",6,"M",0.573863636363636,2013
"228",228,228,"W004D2013SnowFree","W004D2013SnowFree 95% est","est","RICC","OUF anisotropic",969.296519164135,0,1250.8872420325,0.153272481904777,183,"W004D","SnowFree",2013,"EWinefred",6,"M",1,2013
"229",229,229,"W004F2012Snow","W004F2012Snow 95% est","est","RICC","OUF anisotropic",2404.90326612635,0,1496.946600202,0.265772427404249,93,"W004F","Snow",2013,"SEBAU",NA,"F",0.488636363636364,2012
"230",230,230,"W004F2013SnowFree","W004F2013SnowFree 95% est","est","RICC","OUF anisotropic",670.266674278755,0,1388.89427010046,0.276253367640945,170,"W004F","SnowFree",2013,"SEBAU",NA,"F",0.926136363636364,2013
"231",231,231,"W004R2014Snow","W004R2014Snow 95% est","est","RICC","OU anisotropic",6453.76371441406,1,1760.68968960775,0.0971884326209049,42,"W004R","Snow",2015,"Watchusk",3,"M",0.198863636363636,2014
"232",232,232,"W004R2015SnowFree","W004R2015SnowFree 95% est","est","RICC","OUF anisotropic",2632.27307921182,1,1496.81431719511,0.0932260724080695,183,"W004R","SnowFree",2015,"Watchusk",3,"M",1,2015
"233",233,233,"W005D2012Snow","W005D2012Snow 95% est","est","RICC","OUF anisotropic",1168.74816131347,0,1313.45134112226,0.132044019305888,56,"W005D","Snow",2013,"EWinefred",6,"F",0.278409090909091,2012
"234",234,234,"W005D2013SnowFree","W005D2013SnowFree 95% est","est","RICC","OUF anisotropic",586.242491340471,0,1261.42017145739,0.185032071545555,183,"W005D","SnowFree",2013,"EWinefred",6,"F",1,2013
"235",235,235,"W005R2014Snow","W005R2014Snow 95% est","est","RICC","OUf anisotropic",1687.57125079462,0,1809.90937469356,0.125127114433576,41,"W005R","Snow",2015,"Watchusk",3,"M",0.193181818181818,2014
"236",236,236,"W005R2015SnowFree","W005R2015SnowFree 95% est","est","RICC","OUF anisotropic",1099.28790894049,0,1548.97594524334,0.113263571724054,181,"W005R","SnowFree",2015,"Watchusk",3,"M",0.988636363636364,2015
"237",237,237,"W006D2012Snow","W006D2012Snow 95% est","est","RICC","OUF anisotropic",1234.77058830217,0,1797.14297939459,0.22110279965249,56,"W006D","Snow",2013,"Clyde",3,"M",0.278409090909091,2012
"238",238,238,"W006D2013Snow","W006D2013Snow 95% est","est","RICC","OUF anisotropic",1591.38928448697,0,1614.74652452881,0.280253934605352,180,"W006D","Snow",2013,"Clyde",3,"M",0.982954545454545,2013
"239",239,239,"W006D2013SnowFree","W006D2013SnowFree 95% est","est","RICC","OUF anisotropic",874.592208370146,0,1582.80067363764,0.302633162838881,183,"W006D","SnowFree",2013,"Clyde",3,"M",1,2013
"240",240,240,"W006F2012Snow","W006F2012Snow 95% est","est","RICC","OUF anisotropic",941.712293889484,0,1792.13084809875,0.231521524079543,103,"W006F","Snow",2013,"SWBAU",NA,"M",0.545454545454545,2012
"241",241,241,"W007D2012Snow","W007D2012Snow 95% est","est","RICC","OU anisotropic",275.526145734657,0,1259.35602568324,0.27097167313539,56,"W007D","Snow",2013,"SWWinefred",5,"M",0.278409090909091,2012
"242",242,242,"W007D2013SnowFree","W007D2013SnowFree 95% est","est","RICC","OUF anisotropic",117.228348659445,0,1337.71405266838,0.306784136912612,85,"W007D","SnowFree",2013,"SWWinefred",5,"M",0.443181818181818,2013
"243",243,243,"W008D2012Snow","W008D2012Snow 95% est","est","RICC","OUF anisotropic",914.354022035287,0,1782.08589696381,0.225279073179974,56,"W008D","Snow",2013,"Clyde",3,"F",0.278409090909091,2012
"244",244,244,"W008D2013SnowFree","W008D2013SnowFree 95% est","est","RICC","OUF anisotropic",572.94416667829,0,1590.72070830953,0.302397053308359,155,"W008D","SnowFree",2013,"Clyde",3,"F",0.840909090909091,2013
"245",245,245,"W011F2012Snow","W011F2012Snow 95% est","est","RICC","OUF anisotropic",2411.04657440428,0,1508.12811318926,0.113005263699406,90,"W011F","Snow",2013,"NAT",6,"F",0.471590909090909,2012
"246",246,246,"W011F2013Snow","W011F2013Snow 95% est","est","RICC","OU anisotropic",3461.99427300149,0,1332.69421701563,0.0911556628782805,178,"W011F","Snow",2013,"NAT",6,"F",0.971590909090909,2013
"247",247,247,"W011F2013SnowFree","W011F2013SnowFree 95% est","est","RICC","OUF anisotropic",2061.76521814837,0,1368.53741386561,0.0933393892020846,170,"W011F","SnowFree",2013,"NAT",6,"F",0.926136363636364,2013
"248",248,248,"W011F2014SnowFree","W011F2014SnowFree 95% est","est","RICC","OUF isotropic",1860.79298283252,0,1370.56038163001,0.0896664739817937,134,"W011F","SnowFree",2014,"NAT",6,"F",0.721590909090909,2014
"249",249,249,"W012D2012Snow","W012D2012Snow 95% est","est","RICC","OUF anisotropic",272.549856022405,0,2058.50610697499,0.191668965113036,54,"W012D","Snow",2013,"Philomena",6,"M",0.267045454545455,2012
"250",250,250,"W012D2013Snow","W012D2013Snow 95% est","est","RICC","OUF anisotropic",456.634971043945,0,2054.39186453472,0.191146066676259,180,"W012D","Snow",2013,"Philomena",6,"M",0.982954545454545,2013
"251",251,251,"W012D2013SnowFree","W012D2013SnowFree 95% est","est","RICC","OUF anisotropic",490.661191180579,0,2002.83671260181,0.190785649077488,183,"W012D","SnowFree",2013,"Philomena",6,"M",1,2013
"252",252,252,"W012D2014SnowFree","W012D2014SnowFree 95% est","est","RICC","OU anisotropic",485.90956007024,0,2234.7687775634,0.189386117389131,79,"W012D","SnowFree",2014,"Philomena",6,"M",0.409090909090909,2014
"253",253,253,"W012F2012Snow","W012F2012Snow 95% est","est","RICC","OUf anisotropic",562.165633534349,0,1336.17766232069,0.112392409540733,19,"W012F","Snow",2013,"EWinefredSOL",NA,"F",0.0681818181818182,2012
"254",254,254,"W012F2013Snow","W012F2013Snow 95% est","est","RICC","OUF anisotropic",752.890195218138,0,1296.43909654068,0.254305835285899,177,"W012F","Snow",2013,"EWinefredSOL",NA,"F",0.965909090909091,2013
"255",255,255,"W012F2013SnowFree","W012F2013SnowFree 95% est","est","RICC","OUF isotropic",823.696492659483,0,1247.23224530168,0.141564491316405,165,"W012F","SnowFree",2013,"EWinefredSOL",NA,"F",0.897727272727273,2013
"256",256,256,"W012F2014Snow","W012F2014Snow 95% est","est","RICC","OUF anisotropic",2728.2053352302,0,1342.83003834964,0.1505897117886,180,"W012F","Snow",2014,"EWinefredSOL",NA,"F",0.982954545454545,2014
"257",257,257,"W012F2014SnowFree","W012F2014SnowFree 95% est","est","RICC","OUF anisotropic",1061.9986802611,0,1343.3776064976,0.149561014013228,183,"W012F","SnowFree",2014,"EWinefredSOL",NA,"F",1,2014
"258",258,258,"W012F2015SnowFree","W012F2015SnowFree 95% est","est","RICC","OUF anisotropic",162.310358942649,0,1187.38103568929,0.16331103239404,69,"W012F","SnowFree",2015,"EWinefredSOL",NA,"F",0.352272727272727,2015
"259",259,259,"W013D2012Snow","W013D2012Snow 95% est","est","RICC","OUF anisotropic",1058.70818505192,0,1310.15419699015,0.127550998542713,54,"W013D","Snow",2013,"EWinefred",6,"F",0.267045454545455,2012
"260",260,260,"W013D2013Snow","W013D2013Snow 95% est","est","RICC","OUF anisotropic",814.633757089968,0,1294.53003472222,0.248344643068005,146,"W013D","Snow",2013,"EWinefred",6,"F",0.789772727272727,2013
"261",261,261,"W013D2013SnowFree","W013D2013SnowFree 95% est","est","RICC","OUF anisotropic",1043.24673078489,0,1268.70056563752,0.199716327523603,183,"W013D","SnowFree",2013,"EWinefred",6,"F",1,2013
"262",262,262,"W013F2012Snow","W013F2012Snow 95% est","est","RICC","OU isotropic",219.471390480215,0,1558.47815255574,0.0302579069271681,17,"W013F","Snow",2013,"ETRT",5,"F",0.0568181818181818,2012
"263",263,263,"W013F2013Snow","W013F2013Snow 95% est","est","RICC","OUF isotropic",1341.19715357039,0,1424.3441678425,0.0376661621563316,74,"W013F","Snow",2014,"ETRT",5,"F",0.380681818181818,2013
"264",264,264,"W013F2013SnowFree","W013F2013SnowFree 95% est","est","RICC","OUF anisotropic",836.779090067812,0,1463.28458313926,0.0293020765714394,128,"W013F","SnowFree",2013,"ETRT",5,"F",0.6875,2013
"265",265,265,"W015D2012Snow","W015D2012Snow 95% est","est","RICC","OU anisotropic",266.492211797589,0,1266.48629980405,0.251147786439029,54,"W015D","Snow",2013,"SWWinefred",5,"F",0.267045454545455,2012
"266",266,266,"W015D2013Snow","W015D2013Snow 95% est","est","RICC","OUF anisotropic",361.441986389124,0,1340.42370389729,0.260868426971726,179,"W015D","Snow",2013,"SWWinefred",5,"F",0.977272727272727,2013
"267",267,267,"W015D2013SnowFree","W015D2013SnowFree 95% est","est","RICC","OUf isotropic",306.079374870633,0,1336.18507331091,0.254130311501313,183,"W015D","SnowFree",2013,"SWWinefred",5,"F",1,2013
"268",268,268,"W015D2014Snow","W015D2014Snow 95% est","est","RICC","OUF anisotropic",591.084899582771,0,1398.04858764476,0.272058670009712,180,"W015D","Snow",2014,"SWWinefred",5,"F",0.982954545454545,2014
"269",269,269,"W015D2014SnowFree","W015D2014SnowFree 95% est","est","RICC","OU anisotropic",436.777844427095,0,1393.93173576399,0.230507203606892,181,"W015D","SnowFree",2014,"SWWinefred",5,"F",0.988636363636364,2014
"270",270,270,"W015D2015SnowFree","W015D2015SnowFree 95% est","est","RICC","OUf isotropic",330.908384249049,0,1235.29996725606,0.264045044439256,183,"W015D","SnowFree",2015,"SWWinefred",5,"F",1,2015
"271",271,271,"W015F2013Snow","W015F2013Snow 95% est","est","RICC","OUF isotropic",3316.48961272181,0,1274.75901411186,0.0915407832404735,99,"W015F","Snow",2014,"NAT",6,"F",0.522727272727273,2013
"272",272,272,"W015F2014Snow","W015F2014Snow 95% est","est","RICC","OUF anisotropic",6075.45425397416,0,1350.32649095303,0.0550827247886019,179,"W015F","Snow",2014,"NAT",6,"F",0.977272727272727,2014
"273",273,273,"W015F2014SnowFree","W015F2014SnowFree 95% est","est","RICC","OUF anisotropic",3131.38796800993,0,1394.3860693941,0.0873168572945882,183,"W015F","SnowFree",2014,"NAT",6,"F",1,2014
"274",274,274,"W015F2015SnowFree","W015F2015SnowFree 95% est","est","RICC","OUF anisotropic",2023.76376962622,0,1195.16322300667,0.0935523878222256,168,"W015F","SnowFree",2015,"NAT",6,"F",0.914772727272727,2015
"275",275,275,"W016F2013Snow","W016F2013Snow 95% est","est","RICC","OUf isotropic",3045.88950123481,0,1293.81212228937,0.0725806203603131,46,"W016F","Snow",2014,"NAT",6,"M",0.221590909090909,2013
"276",276,276,"W016F2014Snow","W016F2014Snow 95% est","est","RICC","OUF anisotropic",8050.88908399299,0,1371.43106428781,0.0474308950770957,178,"W016F","Snow",2014,"NAT",6,"M",0.971590909090909,2014
"277",277,277,"W016F2014SnowFree","W016F2014SnowFree 95% est","est","RICC","OUF anisotropic",3287.35953071616,0,1355.460820473,0.0789596026076497,183,"W016F","SnowFree",2014,"NAT",6,"M",1,2014
"278",278,278,"W016F2015SnowFree","W016F2015SnowFree 95% est","est","RICC","OUF anisotropic",3970.98714026213,0,1262.5945835779,0.047803811601353,92,"W016F","SnowFree",2015,"NAT",6,"M",0.482954545454545,2015
"279",279,279,"W017F2013Snow","W017F2013Snow 95% est","est","RICC","OUF isotropic",2478.06613643564,0,1299.64025986619,0.0759166023470251,46,"W017F","Snow",2014,"NAT",6,"M",0.221590909090909,2013
"280",280,280,"W017F2014SnowFree","W017F2014SnowFree 95% est","est","RICC","OUF isotropic",10137.2718110517,1,1442.82740329688,0.0700936986101221,20,"W017F","SnowFree",2014,"NAT",6,"M",0.0738636363636364,2014
"281",281,281,"W018D2012Snow","W018D2012Snow 95% est","est","RICC","OUF isotropic",578.537218763601,0,1695.22686856093,0.265898722920438,53,"W018D","Snow",2013,"Leismer",2,"M",0.261363636363636,2012
"282",282,282,"W018D2013Snow","W018D2013Snow 95% est","est","RICC","OU anisotropic",465.528832519994,0,1877.53271751301,0.276989917043954,51,"W018D","Snow",2013,"Leismer",2,"M",0.25,2013
"283",283,283,"W018D2013SnowFree","W018D2013SnowFree 95% est","est","RICC","OUF anisotropic",764.300577550842,0,2008.32429063474,0.282964260889191,183,"W018D","SnowFree",2013,"Leismer",2,"M",1,2013
"284",284,284,"W018F2014Snow","W018F2014Snow 95% est","est","RICC","OUF anisotropic",1117.85396962446,0,1602.11629305449,0.297238171703092,85,"W018F","Snow",2015,"Rat",7,"M",0.443181818181818,2014
"285",285,285,"W018F2015SnowFree","W018F2015SnowFree 95% est","est","RICC","OUF anisotropic",1144.25351174017,0,1366.90310789157,0.31799144544746,182,"W018F","SnowFree",2015,"Rat",7,"M",0.994318181818182,2015
"286",286,286,"W019D2012Snow","W019D2012Snow 95% est","est","RICC","OUF isotropic",305.300844898551,0,2135.09753324606,0.188009017477057,53,"W019D","Snow",2013,"Sucker",2,"F",0.261363636363636,2012
"287",287,287,"W019D2013SnowFree","W019D2013SnowFree 95% est","est","RICC","OUF anisotropic",235.850898334349,0,2269.87475845411,0.188643182497904,167,"W019D","SnowFree",2013,"Sucker",2,"F",0.909090909090909,2013
"288",288,288,"W020D2012Snow","W020D2012Snow 95% est","est","RICC","OUF isotropic",549.869369800941,0,1713.36314030086,0.267490321307009,53,"W020D","Snow",2013,"Leismer",2,"F",0.261363636363636,2012
"289",289,289,"W020D2013Snow","W020D2013Snow 95% est","est","RICC","OU anisotropic",232.390157952079,0,1941.26782777449,0.271634709973902,177,"W020D","Snow",2013,"Leismer",2,"F",0.965909090909091,2013
"290",290,290,"W020D2013SnowFree","W020D2013SnowFree 95% est","est","RICC","OU anisotropic",419.998710112023,0,2027.25559487532,0.27825639246102,183,"W020D","SnowFree",2013,"Leismer",2,"F",1,2013
"291",291,291,"W020F2014Snow","W020F2014Snow 95% est","est","RICC","OUF anisotropic",816.630092824509,0,1482.16539498783,0.237008763150088,78,"W020F","Snow",2015,"TRT",5,"F",0.403409090909091,2014
"292",292,292,"W020F2015SnowFree","W020F2015SnowFree 95% est","est","RICC","OUF anisotropic",858.810050186666,0,1143.99453695781,0.214914697911156,183,"W020F","SnowFree",2015,"TRT",5,"F",1,2015
"293",293,293,"W021D2013Snow","W021D2013Snow 95% est","est","RICC","OUF isotropic",1094.64859191027,0,1839.160989695,0.195152002648178,16,"W021D","Snow",2014,"SWBAU",NA,"M",0.0511363636363636,2013
"294",294,294,"W022D2013Snow","W022D2013Snow 95% est","est","RICC","OUF anisotropic",4822.23097503005,1,1972.17324154658,0.177278879820785,97,"W022D","Snow",2014,"SWBAU",NA,"M",0.511363636363636,2013
"295",295,295,"W022D2014Snow","W022D2014Snow 95% est","est","RICC","OUF anisotropic",7383.37056026337,1,2156.19114804793,0.186709829581806,180,"W022D","Snow",2014,"SWBAU",NA,"M",0.982954545454545,2014
"296",296,296,"W022D2014SnowFree","W022D2014SnowFree 95% est","est","RICC","OUF anisotropic",8666.87869765256,1,2006.69182154871,0.201881899060246,183,"W022D","SnowFree",2014,"SWBAU",NA,"M",1,2014
"297",297,297,"W022D2015SnowFree","W022D2015SnowFree 95% est","est","RICC","OU isotropic",680.233186479884,0,1436.63422005247,0.304761645527752,183,"W022D","SnowFree",2015,"SWBAU",NA,"M",1,2015
"298",298,298,"W022F2014Snow","W022F2014Snow 95% est","est","RICC","OUF anisotropic",761.549331652768,0,1475.18613030602,0.223087835428342,66,"W022F","Snow",2015,"TRT",5,"M",0.335227272727273,2014
"299",299,299,"W022F2015SnowFree","W022F2015SnowFree 95% est","est","RICC","OUF anisotropic",945.606289147861,0,1121.18429455527,0.222238966765226,183,"W022F","SnowFree",2015,"TRT",5,"M",1,2015
"300",300,300,"W023D2013Snow","W023D2013Snow 95% est","est","RICC","OUF anisotropic",309.30077229899,0,1336.62377791584,0.261224925114271,70,"W023D","Snow",2014,"SWWinefred",5,"M",0.357954545454545,2013
"301",301,301,"W023D2014Snow","W023D2014Snow 95% est","est","RICC","OUF anisotropic",602.820703074981,0,1395.7012108848,0.274618387900907,180,"W023D","Snow",2014,"SWWinefred",5,"M",0.982954545454545,2014
"302",302,302,"W023D2014SnowFree","W023D2014SnowFree 95% est","est","RICC","OUF anisotropic",381.750907424182,0,1395.97390163934,0.259925227025058,183,"W023D","SnowFree",2014,"SWWinefred",5,"M",1,2014
"303",303,303,"W023D2015SnowFree","W023D2015SnowFree 95% est","est","RICC","OUF anisotropic",487.571057660831,0,1235.77304964539,0.258800784302406,183,"W023D","SnowFree",2015,"SWWinefred",5,"M",1,2015
"304",304,304,"W023F2014Snow","W023F2014Snow 95% est","est","RICC","OUF anisotropic",1625.5708166131,0,1582.41395707062,0.296357394767778,51,"W023F","Snow",2015,"Rat",7,"M",0.25,2014
"305",305,305,"W023F2015SnowFree","W023F2015SnowFree 95% est","est","RICC","OUF anisotropic",1290.92175124945,0,1373.37007372654,0.312351722696803,183,"W023F","SnowFree",2015,"Rat",7,"M",1,2015
"306",306,306,"W024D2013Snow","W024D2013Snow 95% est","est","RICC","OUF anisotropic",355.118542155891,0,1517.36214320665,0.168195217654157,46,"W024D","Snow",2014,"Cowper",6,"M",0.221590909090909,2013
"307",307,307,"W024D2014SnowFree","W024D2014SnowFree 95% est","est","RICC","OUF anisotropic",383.365530337127,0,1818.15639624309,0.163263484670831,140,"W024D","SnowFree",2014,"Cowper",6,"M",0.755681818181818,2014
"308",308,308,"W024F2014Snow","W024F2014Snow 95% est","est","RICC","OUF isotropic",4611.2619417441,0,1356.63076596855,0.0498688056904341,46,"W024F","Snow",2015,"NAT",6,"M",0.221590909090909,2014
"309",309,309,"W024F2015SnowFree","W024F2015SnowFree 95% est","est","RICC","OUF isotropic",1764.11716773756,0,1191.64623481781,0.0919036179625719,53,"W024F","SnowFree",2015,"NAT",6,"M",0.261363636363636,2015
"310",310,310,"W025D2013Snow","W025D2013Snow 95% est","est","RICC","OUF anisotropic",876.711479722067,0,1530.31638297872,0.163591690534221,45,"W025D","Snow",2014,"Cowper",6,"F",0.215909090909091,2013
"311",311,311,"W025D2014SnowFree","W025D2014SnowFree 95% est","est","RICC","OUF anisotropic",374.894305847396,0,1787.0562030014,0.169063331990654,169,"W025D","SnowFree",2014,"Cowper",6,"F",0.920454545454545,2014
"312",312,312,"W026D2013Snow","W026D2013Snow 95% est","est","RICC","OUF anisotropic",980.276648793214,0,1601.62604190501,0.119813107518949,46,"W026D","Snow",2014,"Watchusk",3,"F",0.221590909090909,2013
"313",313,313,"W026D2014SnowFree","W026D2014SnowFree 95% est","est","RICC","OUF anisotropic",509.48546999793,0,1776.37211871393,0.122035986203914,91,"W026D","SnowFree",2014,"Watchusk",3,"F",0.477272727272727,2014
"314",314,314,"W027D2013Snow","W027D2013Snow 95% est","est","RICC","OUF anisotropic",1458.56430497675,0,1600.35811538838,0.115267385499123,44,"W027D","Snow",2014,"Watchusk",3,"M",0.210227272727273,2013
"315",315,315,"W027D2014Snow","W027D2014Snow 95% est","est","RICC","OUF anisotropic",1091.69866349695,0,1787.01179554391,0.112298996295151,41,"W027D","Snow",2015,"Watchusk",3,"M",0.193181818181818,2014
"316",316,316,"W027D2014SnowFree","W027D2014SnowFree 95% est","est","RICC","OUF anisotropic",1289.32604973056,0,1747.41892069543,0.0722837541538518,114,"W027D","SnowFree",2014,"Watchusk",3,"M",0.607954545454545,2014
"317",317,317,"W027D2015SnowFree","W027D2015SnowFree 95% est","est","RICC","OUF anisotropic",587.57133938471,0,1520.49485097534,0.107302213038081,84,"W027D","SnowFree",2015,"Watchusk",3,"M",0.4375,2015
"318",318,318,"W028D2013Snow","W028D2013Snow 95% est","est","RICC","OUF anisotropic",387.049372095933,0,1518.21072115855,0.168218213764031,45,"W028D","Snow",2014,"Cowper",6,"M",0.215909090909091,2013
"319",319,319,"W028D2014SnowFree","W028D2014SnowFree 95% est","est","RICC","OUF anisotropic",248.008881027033,0,1778.83690973128,0.176261044623955,80,"W028D","SnowFree",2014,"Cowper",6,"M",0.414772727272727,2014
"320",320,320,"W030D2013Snow","W030D2013Snow 95% est","est","RICC","OUF anisotropic",290.681645196768,0,2007.21046908978,0.189051148091923,41,"W030D","Snow",2014,"Philomena",6,"M",0.193181818181818,2013
"321",321,321,"W030D2014Snow","W030D2014Snow 95% est","est","RICC","OUF anisotropic",4723.95987042424,1,2272.94812480521,0.185315656339406,180,"W030D","Snow",2014,"Philomena",6,"M",0.982954545454545,2014
"322",322,322,"W030D2014SnowFree","W030D2014SnowFree 95% est","est","RICC","OUF anisotropic",535.547423908143,0,2227.68378173551,0.189460669878333,183,"W030D","SnowFree",2014,"Philomena",6,"M",1,2014
"323",323,323,"W030D2015SnowFree","W030D2015SnowFree 95% est","est","RICC","OU isotropic",254.21180300036,0,2032.89672311628,0,141,"W030D","SnowFree",2015,"Philomena",6,"M",0.761363636363636,2015
"324",324,324,"W031D2013Snow","W031D2013Snow 95% est","est","RICC","OUF anisotropic",220.634604568711,0,2026.49370485036,0.189213576141563,39,"W031D","Snow",2014,"Philomena",6,"M",0.181818181818182,2013
"325",325,325,"W031D2014SnowFree","W031D2014SnowFree 95% est","est","RICC","OU anisotropic",244.416797136292,0,2250.14116286296,0.188437205569949,38,"W031D","SnowFree",2014,"Philomena",6,"M",0.176136363636364,2014
"326",326,326,"W032D2013Snow","W032D2013Snow 95% est","est","RICC","OUF anisotropic",341.853063264797,0,2061.88084912919,0.180441491098669,39,"W032D","Snow",2014,"Philomena",6,"F",0.181818181818182,2013
"327",327,327,"W032D2014Snow","W032D2014Snow 95% est","est","RICC","OUF anisotropic",529.721980463563,0,2283.45559307872,0.183927062623322,180,"W032D","Snow",2014,"Philomena",6,"F",0.982954545454545,2014
"328",328,328,"W032D2014SnowFree","W032D2014SnowFree 95% est","est","RICC","OUF anisotropic",323.550520182302,0,2370.24469371067,0.169771984781733,183,"W032D","SnowFree",2014,"Philomena",6,"F",1,2014
"329",329,329,"W032D2015SnowFree","W032D2015SnowFree 95% est","est","RICC","OUF anisotropic",313.984725106837,0,2073.35588318785,0.175116216110477,183,"W032D","SnowFree",2015,"Philomena",6,"F",1,2015
"330",330,330,"W033D2014Snow","W033D2014Snow 95% est","est","RICC","OUF anisotropic",2139.46693774691,0,1426.91517668819,0.378869512068151,10,"W033D","Snow",2015,"Clyde",3,"F",0.0170454545454545,2014
"331",331,331,"W033D2015SnowFree","W033D2015SnowFree 95% est","est","RICC","OUF anisotropic",1098.26939882202,0,1348.14592260745,0.348949477353389,102,"W033D","SnowFree",2015,"Clyde",3,"F",0.539772727272727,2015
"332",332,332,"137902013Snow","137902013Snow 95% est","est","WHEC","OUF isotropic",1541.17469886404,0,1638.20379890074,0.191391772254102,59,"13790","Snow",2013,"Frostbite",9,"Unknown",0.295454545454545,2013
"333",333,333,"137912013Snow","137912013Snow 95% est","est","WHEC","OUF anisotropic",2008.74656061469,0,1689.35262282789,0.194472711105913,35,"13791","Snow",2013,"Ells",NA,"Unknown",0.159090909090909,2013
"334",334,334,"137922013Snow","137922013Snow 95% est","est","WHEC","OUF anisotropic",344.169727022664,0,1476.4703561804,0.209183882018781,45,"13792","Snow",2013,"Clearwater",5,"Unknown",0.215909090909091,2013
"335",335,335,"137932013Snow","137932013Snow 95% est","est","WHEC","OU anisotropic",74.2993982028939,0,1572.02446423329,0.187187150564562,44,"13793","Snow",2013,"Clearwater",5,"Unknown",0.210227272727273,2013
"336",336,336,"137942013Snow","137942013Snow 95% est","est","WHEC","OUF anisotropic",3261.69901947517,1,1647.33843860569,0.172420210824505,133,"13794","Snow",2013,"Clearwater",5,"Unknown",0.715909090909091,2013
"337",337,337,"150092014SnowFree","150092014SnowFree 95% est","est","WHEC","OU anisotropic",157.563011127921,0,1875.64236235909,0.144364109390386,132,"15009","SnowFree",2014,"SAth",NA,"Unknown",0.710227272727273,2014
"338",338,338,"322512011Snow","322512011Snow 95% est","est","WHEC","OUF isotropic",397.258358334131,0,1350.53955023861,0.224924079202377,41,"32251","Snow",2012,"McLellan",NA,"M",0.193181818181818,2011
"339",339,339,"322512012Snow","322512012Snow 95% est","est","WHEC","OUF anisotropic",457.437368541315,0,1131.5557407589,0.211011127519752,180,"32251","Snow",2012,"McLellan",NA,"M",0.982954545454545,2012
"340",340,340,"322512012SnowFree","322512012SnowFree 95% est","est","WHEC","OUF anisotropic",526.411898560619,0,1087.69272882245,0.23583765405941,183,"32251","SnowFree",2012,"McLellan",NA,"M",1,2012
"341",341,341,"322512013Snow","322512013Snow 95% est","est","WHEC","OUF anisotropic",656.760050295151,0,1463.12042668054,0.196058721435053,90,"32251","Snow",2013,"McLellan",NA,"M",0.471590909090909,2013
"342",342,342,"322512013SnowFree","322512013SnowFree 95% est","est","WHEC","OUF anisotropic",530.41029203115,0,1429.38134569554,0.222828781287843,179,"32251","SnowFree",2013,"McLellan",NA,"M",0.977272727272727,2013
"343",343,343,"322522011Snow","322522011Snow 95% est","est","WHEC","OUF anisotropic",1959.18800466578,0,1604.40738188976,0.199330791471847,44,"32252","Snow",2012,"Ells",NA,"M",0.210227272727273,2011
"344",344,344,"322522012Snow","322522012Snow 95% est","est","WHEC","OUF anisotropic",1905.96661479021,0,1662.13212585253,0.177071721147142,180,"32252","Snow",2012,"Ells",NA,"M",0.982954545454545,2012
"345",345,345,"322522012SnowFree","322522012SnowFree 95% est","est","WHEC","OUF anisotropic",845.013016718679,0,1619.72548924155,0.188251624339918,183,"32252","SnowFree",2012,"Ells",NA,"M",1,2012
"346",346,346,"322522013SnowFree","322522013SnowFree 95% est","est","WHEC","OUF anisotropic",76626.7791629313,1,1674.49892717607,0.148458987370576,57,"32252","SnowFree",2013,"Ells",NA,"M",0.284090909090909,2013
"347",347,347,"322532011Snow","322532011Snow 95% est","est","WHEC","OUF isotropic",1052.29412532682,0,1423.61989721237,0.117929128274164,41,"32253","Snow",2012,"SAth",NA,"M",0.193181818181818,2011
"348",348,348,"322532012Snow","322532012Snow 95% est","est","WHEC","OUF anisotropic",170.51763558431,0,1382.23757050174,0.154104028321481,21,"32253","Snow",2012,"SAth",NA,"M",0.0795454545454545,2012
"349",349,349,"322532012SnowFree","322532012SnowFree 95% est","est","WHEC","OUF anisotropic",847.413109794176,0,1315.92011229391,0.134710849982661,183,"32253","SnowFree",2012,"SAth",NA,"M",1,2012
"350",350,350,"322542013Snow","322542013Snow 95% est","est","WHEC","OUF anisotropic",2580.17850071969,0,1418.56880005295,0.140948498853029,132,"32254","Snow",2013,"North",6,"Unknown",0.710227272727273,2013
"351",351,351,"322542014SnowFree","322542014SnowFree 95% est","est","WHEC","OU anisotropic",78.0152122890055,0,1617.76392279776,0.0905356428300255,41,"32254","SnowFree",2014,"North",6,"Unknown",0.193181818181818,2014
"352",352,352,"322552011Snow","322552011Snow 95% est","est","WHEC","OUF anisotropic",484.12682308801,0,1463.89865408765,0.0529784922855193,42,"32255","Snow",2012,"GRapids",NA,"F",0.198863636363636,2011
"353",353,353,"322552012Snow","322552012Snow 95% est","est","WHEC","OUF anisotropic",525.239362446669,0,1306.41712903226,0.0594433872637817,180,"32255","Snow",2012,"GRapids",NA,"F",0.982954545454545,2012
"354",354,354,"322552012SnowFree","322552012SnowFree 95% est","est","WHEC","OUF anisotropic",1159.28603649845,0,1326.20489030637,0.0609788332245573,183,"32255","SnowFree",2012,"GRapids",NA,"F",1,2012
"355",355,355,"322562011Snow","322562011Snow 95% est","est","WHEC","OUF anisotropic",291.867178340209,0,1544.30802820546,0.153708694682077,43,"32256","Snow",2012,"North",6,"F",0.204545454545455,2011
"356",356,356,"322562012SnowFree","322562012SnowFree 95% est","est","WHEC","OUF anisotropic",215.881404435296,0,1404.97415243271,0.152715710516754,130,"32256","SnowFree",2012,"North",6,"F",0.698863636363636,2012
"357",357,357,"322572011Snow","322572011Snow 95% est","est","WHEC","OUF anisotropic",305.138058254924,0,1547.26103690288,0.153605912627648,44,"32257","Snow",2012,"North",6,"M",0.210227272727273,2011
"358",358,358,"322572012SnowFree","322572012SnowFree 95% est","est","WHEC","OUF anisotropic",258.310017403945,0,1363.74184518801,0.153615015476771,81,"32257","SnowFree",2012,"North",6,"M",0.420454545454545,2012
"359",359,359,"322582011Snow","322582011Snow 95% est","est","WHEC","OUF anisotropic",1777.21711516838,0,1340.10079459931,0.242378672339763,42,"32258","Snow",2012,"Steepbank",NA,"F",0.198863636363636,2011
"360",360,360,"322582012Snow","322582012Snow 95% est","est","WHEC","OUF anisotropic",604.793720637339,0,1306.73409553996,0.219385133096741,162,"32258","Snow",2012,"Steepbank",NA,"F",0.880681818181818,2012
"361",361,361,"322582012SnowFree","322582012SnowFree 95% est","est","WHEC","OUF anisotropic",1271.36382155813,0,1349.24349904707,0.219379587467144,183,"32258","SnowFree",2012,"Steepbank",NA,"F",1,2012
"362",362,362,"322592011Snow","322592011Snow 95% est","est","WHEC","OUF anisotropic",900.478555009801,0,1486.35868058913,0.136966327777941,41,"32259","Snow",2012,"Mckay",NA,"M",0.193181818181818,2011
"363",363,363,"322592012Snow","322592012Snow 95% est","est","WHEC","OUF anisotropic",666.542245560358,0,1518.00280536566,0.164877827515893,180,"32259","Snow",2012,"Mckay",NA,"M",0.982954545454545,2012
"364",364,364,"322592012SnowFree","322592012SnowFree 95% est","est","WHEC","OUF anisotropic",789.978194118743,0,1447.33513635339,0.148608192675921,183,"32259","SnowFree",2012,"Mckay",NA,"M",1,2012
"365",365,365,"322592013SnowFree","322592013SnowFree 95% est","est","WHEC","OUF anisotropic",417.572594174627,0,1688.43901654116,0.149242084992527,57,"32259","SnowFree",2013,"Mckay",NA,"M",0.284090909090909,2013
"366",366,366,"322602011Snow","322602011Snow 95% est","est","WHEC","OUF anisotropic",626.561755227081,0,1375.08590516539,0.180578025837279,41,"32260","Snow",2012,"Clearwater",5,"F",0.193181818181818,2011
"367",367,367,"322602012Snow","322602012Snow 95% est","est","WHEC","OUF anisotropic",663.123231030617,0,1513.91034628929,0.177806179625136,23,"32260","Snow",2012,"Clearwater",5,"F",0.0909090909090909,2012
"368",368,368,"322602012SnowFree","322602012SnowFree 95% est","est","WHEC","OUF anisotropic",498.849008662418,0,1508.03880421657,0.178662314613027,183,"32260","SnowFree",2012,"Clearwater",5,"F",1,2012
"369",369,369,"322612011Snow","322612011Snow 95% est","est","WHEC","OUF anisotropic",1796.50555382939,0,1351.97081152678,0.234447268945403,43,"32261","Snow",2012,"Steepbank",NA,"M",0.204545454545455,2011
"370",370,370,"322612012Snow","322612012Snow 95% est","est","WHEC","OUF anisotropic",128.196805802964,0,1463.20077963251,0.148131208085531,52,"32261","Snow",2013,"Steepbank",NA,"M",0.255681818181818,2012
"371",371,371,"322612012SnowFree","322612012SnowFree 95% est","est","WHEC","OUF anisotropic",1069.21221523113,0,1468.39818321885,0.164598269243912,12,"32261","SnowFree",2012,"Steepbank",NA,"M",0.0284090909090909,2012
"372",372,372,"322612013Snow","322612013Snow 95% est","est","WHEC","OUF anisotropic",217.727324405786,0,1710.62331853206,0.144344539734033,180,"32261","Snow",2013,"Steepbank",NA,"M",0.982954545454545,2013
"373",373,373,"322612013SnowFree","322612013SnowFree 95% est","est","WHEC","OU isotropic",255.177705433298,0,1681.41656133528,0.145672294115997,183,"32261","SnowFree",2013,"Steepbank",NA,"M",1,2013
"374",374,374,"322622011Snow","322622011Snow 95% est","est","WHEC","OUF anisotropic",511.325457372974,0,1343.21480244853,0.226324518830416,41,"32262","Snow",2012,"McLellan",NA,"F",0.193181818181818,2011
"375",375,375,"322622012SnowFree","322622012SnowFree 95% est","est","WHEC","OUF anisotropic",491.394025378063,0,1092.15918394079,0.23232872336374,177,"32262","SnowFree",2012,"McLellan",NA,"F",0.965909090909091,2012
"376",376,376,"322632011Snow","322632011Snow 95% est","est","WHEC","OUF anisotropic",450.665215096763,0,1367.48827730133,0.180413242270707,42,"32263","Snow",2012,"Clearwater",5,"F",0.198863636363636,2011
"377",377,377,"322632012SnowFree","322632012SnowFree 95% est","est","WHEC","OU isotropic",172.179680063982,0,1511.35415987481,0.183119127304913,26,"32263","SnowFree",2012,"Clearwater",5,"F",0.107954545454545,2012
"378",378,378,"322632013Snow","322632013Snow 95% est","est","WHEC","OUF anisotropic",199.05404971258,0,1711.37928445518,0.144090145322782,131,"32263","Snow",2013,"Clearwater",5,"F",0.704545454545455,2013
"379",379,379,"322632014SnowFree","322632014SnowFree 95% est","est","WHEC","OUf anisotropic",115.966496484339,0,1876.59913483513,0.143520990293698,52,"32263","SnowFree",2014,"Clearwater",5,"F",0.255681818181818,2014
"380",380,380,"322642011Snow","322642011Snow 95% est","est","WHEC","OU anisotropic",341.151060159939,0,1537.26715297771,0.1537103677817,43,"32264","Snow",2012,"North",6,"F",0.204545454545455,2011
"381",381,381,"322642012Snow","322642012Snow 95% est","est","WHEC","OUF isotropic",279.193074310138,0,1360.53800866921,0.153668832931101,180,"32264","Snow",2012,"North",6,"F",0.982954545454545,2012
"382",382,382,"322642012SnowFree","322642012SnowFree 95% est","est","WHEC","OUF anisotropic",285.642483605622,0,1398.82800168198,0.152939155376209,182,"32264","SnowFree",2012,"North",6,"F",0.994318181818182,2012
"383",383,383,"322642013SnowFree","322642013SnowFree 95% est","est","WHEC","OUF anisotropic",296.53427802682,0,1600.65938793996,0.155345832156242,157,"32264","SnowFree",2013,"North",6,"F",0.852272727272727,2013
"384",384,384,"322652011Snow","322652011Snow 95% est","est","WHEC","OUF anisotropic",749.804302436238,0,1366.99858198127,0.213650576755706,44,"32265","Snow",2012,"Horzon",NA,"M",0.210227272727273,2011
"385",385,385,"322652012SnowFree","322652012SnowFree 95% est","est","WHEC","OU anisotropic",255.46702926284,0,1171.74694942904,0.184736477952974,20,"32265","SnowFree",2012,"Horzon",NA,"M",0.0738636363636364,2012
"386",386,386,"322662011Snow","322662011Snow 95% est","est","WHEC","OUF anisotropic",512.309237414649,0,1689.78776872964,0.196629839082106,44,"32266","Snow",2012,"Ells",NA,"F",0.210227272727273,2011
"387",387,387,"322662012Snow","322662012Snow 95% est","est","WHEC","OUF anisotropic",1110.48166067936,0,1651.07670234718,0.178331750501828,70,"32266","Snow",2012,"Ells",NA,"F",0.357954545454545,2012
"388",388,388,"322662012SnowFree","322662012SnowFree 95% est","est","WHEC","OUF anisotropic",427.808894334965,0,1630.98982270768,0.186842600567674,183,"32266","SnowFree",2012,"Ells",NA,"F",1,2012
"389",389,389,"322672011Snow","322672011Snow 95% est","est","WHEC","OUF isotropic",880.188941398242,0,1449.9108322325,0.106902048930906,42,"32267","Snow",2012,"SAth",NA,"M",0.198863636363636,2011
"390",390,390,"322672012Snow","322672012Snow 95% est","est","WHEC","OUF anisotropic",899.351745039313,0,1420.07680074536,0.0822882156011368,180,"32267","Snow",2012,"SAth",NA,"M",0.982954545454545,2012
"391",391,391,"322672012SnowFree","322672012SnowFree 95% est","est","WHEC","OUF anisotropic",795.31066336649,0,1426.4780497218,0.100068661676498,183,"32267","SnowFree",2012,"SAth",NA,"M",1,2012
"392",392,392,"322672013SnowFree","322672013SnowFree 95% est","est","WHEC","OUF anisotropic",5256.16258772339,1,1722.13139227446,0.0639624204919263,48,"32267","SnowFree",2013,"SAth",NA,"M",0.232954545454545,2013
"393",393,393,"322682011Snow","322682011Snow 95% est","est","WHEC","OUF anisotropic",460.08375663953,0,1373.40684366755,0.214076055774272,42,"32268","Snow",2012,"Horzon",NA,"M",0.198863636363636,2011
"394",394,394,"322682012SnowFree","322682012SnowFree 95% est","est","WHEC","OUF anisotropic",381.144670405824,0,1201.96217864206,0.209957919375595,183,"32268","SnowFree",2012,"Horzon",NA,"M",1,2012
"395",395,395,"322692011Snow","322692011Snow 95% est","est","WHEC","OUF anisotropic",716.740969386378,0,1479.01377019575,0.133533053887807,41,"32269","Snow",2012,"Mckay",NA,"F",0.193181818181818,2011
"396",396,396,"322692012SnowFree","322692012SnowFree 95% est","est","WHEC","OUF anisotropic",187.700997958533,0,1454.60638743118,0.151241990328157,71,"32269","SnowFree",2012,"Mckay",NA,"F",0.363636363636364,2012
"397",397,397,"322702011Snow","322702011Snow 95% est","est","WHEC","OUF anisotropic",503.011033732969,0,1463.11342048491,0.0529308347631414,42,"32270","Snow",2012,"GRapids",NA,"M",0.198863636363636,2011
"398",398,398,"322702012Snow","322702012Snow 95% est","est","WHEC","OUF anisotropic",382.341689146352,0,1355.87900019239,0.0566971067079394,28,"32270","Snow",2012,"GRapids",NA,"M",0.119318181818182,2012
"399",399,399,"322702012SnowFree","322702012SnowFree 95% est","est","WHEC","OUF anisotropic",1143.36434091498,0,1325.76341557689,0.0611678061317145,183,"32270","SnowFree",2012,"GRapids",NA,"M",1,2012
"400",400,400,"336682012Snow","336682012Snow 95% est","est","WHEC","OUF isotropic",407.617858012911,0,1133.33116055675,0.209852936936744,97,"33668","Snow",2012,"McLellan",NA,"M",0.511363636363636,2012
"401",401,401,"336692012Snow","336692012Snow 95% est","est","WHEC","OUF anisotropic",1662.84452992808,0,1135.22228167461,0.252949249302763,73,"33669","Snow",2012,"Steepbank",NA,"F",0.375,2012
"402",402,402,"336732012Snow","336732012Snow 95% est","est","WHEC","OUF anisotropic",1385.51054463978,0,1608.58196881092,0.191932100901403,126,"33673","Snow",2012,"Ells",NA,"f",0.676136363636364,2012
"403",403,403,"336742012Snow","336742012Snow 95% est","est","WHEC","OU anisotropic",28478.5098500187,1,1490.1543902439,0.233535628470743,128,"33674","Snow",2012,"GRapids",NA,"M",0.6875,2012
"404",404,404,"336762013Snow","336762013Snow 95% est","est","WHEC","OUF anisotropic",1251.75267186498,0,1366.54341115818,0.226721351853369,50,"33676","Snow",2013,"McLellan",NA,"Unknown",0.244318181818182,2013
"405",405,405,"336772012Snow","336772012Snow 95% est","est","WHEC","OUF anisotropic",624.092796479048,0,1505.72105022533,0.178063660493944,131,"33677","Snow",2012,"Clearwater",5,"F",0.704545454545455,2012
"406",406,406,"336772013Snow","336772013Snow 95% est","est","WHEC","OUF anisotropic",604.801694007041,0,1611.6348798376,0.175231550272916,57,"33677","Snow",2013,"Clearwater",5,"F",0.284090909090909,2013
"407",407,407,"336772013SnowFree","336772013SnowFree 95% est","est","WHEC","OUF anisotropic",463.455780012332,0,1606.22788559086,0.176477704467147,183,"33677","SnowFree",2013,"Clearwater",5,"F",1,2013
"408",408,408,"336782013Snow","336782013Snow 95% est","est","WHEC","OUF anisotropic",10136.937922237,1,1638.92168791351,0.129131167433703,131,"33678","Snow",2013,"Mckay",NA,"F",0.704545454545455,2013
"409",409,409,"336782014SnowFree","336782014SnowFree 95% est","est","WHEC","OUf anisotropic",1542.43192493979,0,1804.21106866553,0.167568918572921,53,"33678","SnowFree",2014,"Mckay",NA,"F",0.261363636363636,2014
"410",410,410,"336792012Snow","336792012Snow 95% est","est","WHEC","OUF anisotropic",218078.037571526,1,1153.62679802956,0.0119481950237679,131,"33679","Snow",2012,"North",6,"M",0.704545454545455,2012
"411",411,411,"336792013Snow","336792013Snow 95% est","est","WHEC","OUF anisotropic",2067.12649271406,1,1152.15547136323,0.0187642983530382,180,"33679","Snow",2013,"North",6,"M",0.982954545454545,2013
"412",412,412,"336792013SnowFree","336792013SnowFree 95% est","est","WHEC","OUF anisotropic",2106.59123972699,0,1127.75949603836,0.0184647352841925,183,"33679","SnowFree",2013,"North",6,"M",1,2013
"413",413,413,"336792014SnowFree","336792014SnowFree 95% est","est","WHEC","OUF anisotropic",1717.09192762803,0,1231.02047005307,0.0174344043190353,52,"33679","SnowFree",2014,"North",6,"M",0.255681818181818,2014
"414",414,414,"336802012Snow","336802012Snow 95% est","est","WHEC","OUF anisotropic",570.138611883653,0,1290.15927360775,0.058188507636062,131,"33680","Snow",2012,"GRapids",NA,"F",0.704545454545455,2012
"415",415,415,"336802013SnowFree","336802013SnowFree 95% est","est","WHEC","OUF anisotropic",1915.58210488869,0,1777.2941204975,0.0557955051972403,148,"33680","SnowFree",2013,"GRapids",NA,"F",0.801136363636364,2013
"416",416,416,"336812012Snow","336812012Snow 95% est","est","WHEC","OUF anisotropic",490.703950729917,0,1579.10331971731,0.190170270681184,132,"33681","Snow",2012,"Frostbite",9,"F",0.710227272727273,2012
"417",417,417,"336812013SnowFree","336812013SnowFree 95% est","est","WHEC","OUF anisotropic",412.979631413231,0,1651.55793018587,0.184403344015735,183,"33681","SnowFree",2013,"Frostbite",9,"F",1,2013
